Oncology Biomarker Common Use(s),reached_phase_3_plus,Oncology Biomarker,Protocol/Trial ID,Trial.ID,Trial Phase
,1,,jRCTs051230064 TrialTroveID-488577,488577,Iv
Diagnostic; Predisposing; Prognostic,0,AGO2; myoglobin,DA350102 jRCT2071220047 TrialTroveID-479138,479138,I
,0,,DERR1-10.2196/42032 EPIC-ALS jRCT2061210031 TrialTroveID-415776,415776,Ii
Diagnostic; Predisposing; Prognostic,0,AGO2,DA301006 jRCT2071210022 TrialTroveID-412705,412705,I
Diagnostic; Predictive; Predisposing; Prognostic,0,AGO2; myoglobin; RRM1,DA350101 jRCT2071210023 TrialTroveID-324988,324988,I
Diagnostic; Prognostic,0,MIP,EPI589-15-001 NCT02460679 TrialTroveID-258694,258694,Ii
Diagnostic; Predictive; Predisposing; Prognostic,0,albumin; GGT1,EFBORAZ20141120 NCT03651349 TrialTroveID-331609,331609,I
,0,,IRB00263068 NCT04749433,396721,I
,0,,AAAS4926 NCT04575727,386127,I
Diagnostic; Predisposing; Prognostic,0,PDSS1; TSPO,2015P000140 NCT02559869 TRACK-ALS,265102,(N/A)
Diagnostic; Predisposing; Prognostic,0,ACKR2; SRCIN1,18F-RoSMALS NCT05880563,471497,I
Diagnostic; Predictive; Predisposing; Prognostic,0,TNF; TSPO,MARIA NCT02405403 PHAO-13-PC/MARIA,254890,(N/A)
Diagnostic; Predisposing; Prognostic,0,PLG; TSPO; WASPA,[18F]PBR06 NCT03876002,345363,I
,0,,NCT03510572 PI-18001,323339,(N/A)
Prognostic,0,SLC1A2,13180640 NCT05374278,432602,Iii
Prognostic,0,PICK1; PSPH,MNI-777 NCT02103894,232400,I
Prognostic,0,CNP; PICK1,94-N-0205 940205 NCT00001972,223534,(N/A)
Diagnostic; Predisposing; Prognostic,0,BLOC1S5; SLC17A5,09-008772 NCT01623284,228826,I
,0,,18F-AV-45-010 NCT01890343,230737,Ii
,1,,08-005553 NCT00950430 R01AG011378 U01AG006786,241625,Iv
Diagnostic; Prognostic,0,MOG; PAEP; PML,NCT05395624 OP-801-001,433210,Iii
Diagnostic; Predictive; Predisposing; Prognostic,0,AGO2; CD14,ACTRN12621000864820 NCT05039268 TrialTroveID-387398 ZZ-3K3A-202,387398,Ii
Predisposing; Prognostic,0,MS4A2,2024-5148 NCT05974579,480013,I
Diagnostic; Predictive; Predisposing; Prognostic,0,CD28; CD4; CD8A; CDR1; GRN; NEFH; NEFL; NRGN; RUNX1T1,AC-TP-001 AIDA EudraCT Number: 2017-000643-41 NCT03174886 TrialTroveID-302891,302891,I
Predisposing; Prognostic,0,GPT,JMU-AAV-AADC-PD NCT02418598 TrialTroveID-219951 UMIN000017377,219951,Iii
Diagnostic; Predictive; Predisposing; Prognostic,1,TBX1,EudraCT Number: 2020-005069-15 ISRCTN88446415 Lighthouse 2 LIGHTHOUSE 2 Lighthouse II LIGHTHOUSE II LIGHTHOUSEII NCT05193994 NL77109.041.21 TrialTroveID-364543,364543,Iii
Diagnostic; Predictive; Predisposing; Prognostic,0,HLA-B; LIMS1; NAA15; RPA1; SOD1; SRCIN1,CUR-101 Lighthouse NCT02868580 TrialTroveID-284540,284540,Ii
Prognostic,0,RPS6KA3,TrialTroveID-513380,513380,I
Prognostic,0,RPS6KA3,M24-852 NCT06310876 TrialTroveID-508060,508060,I
Prognostic,0,RPS6KA3,M24-851 NCT06145607 TrialTroveID-493451,493451,I
Prognostic,0,RPS6KA3,M24-192 NCT05763459 TrialTroveID-461774,461774,I
Diagnostic; Prognostic,1,ATP2C1; NEFL; RPS6KA3,2019P003518F HEALEY ALS Platform – Regimen F NCT05740813 TrialTroveID-459902,459902,Ii/Iii
Prognostic,0,RPS6KA3,TrialTroveID-396430,396430,I
Prognostic,0,RPS6KA3,CCR-21-30 M20-405 NCT04948645 TrialTroveID-396402,396402,I
,1,,TrialTroveID-255054,255054,Iv
,0,,TrialTroveID-345889,345889,Ii
,0,,TrialTroveID-252392,252392,Ii
,0,,TrialTroveID-188598,188598,I
Diagnostic; Predisposing; Prognostic,1,ELANE; NEFL; PGC; PPIA,ALCALS NCT06126315 TrialTroveID-492004,492004,Ii/Iii
Prognostic,0,MARCHF1,TrialTroveID-423254,423254,Ii
Diagnostic; Predictive; Prognostic,0,CD200,TrialTroveID-166423,166423,Ii
,0,,TrialTroveID-147362,147362,I
Diagnostic; Predictive; Prognostic,0,CD200; CXCL17; DYM; S100A6,3303 EudraCT Number: 2004-004158-23 FARM5LRKR9 TrialTroveID-109501,109501,Ii
,0,,TrialTroveID-415000,415000,Iii
,0,,NCT03500627 OP-101-002 TrialTroveID-322747,322747,I
Diagnostic; Predictive; Predisposing; Prognostic,1,CMAS; COX7A2L; NPC1; PICK1,BASEC2022-00638 EudraCT Number: 2021-005356-10 IB1001-301 NCT05163288 NL79787.018.21 SNCTP000005101 TrialTroveID-421082,421082,Iii
Diagnostic; Predictive; Predisposing; Prognostic,0,COX7A2L; insulin; NPC1; NPC2; PICK1,EudraCT Number: 2018-004331-71 IB1001-201 NCT03759639 TrialTroveID-337946,337946,Ii
,0,,AIH in ALS NCT03645031 OCR18018 TrialTroveID-363683,363683,Ii
,0,,02-(AdeVask)-2014 TrialTroveID-255731,255731,Ii
Diagnostic; Predictive; Prognostic,0,CD200,ADIPOSTEM DPO/014/33/09/2015 NCT03296501 TrialTroveID-310121,310121,I
,0,,TrialTroveID-098220,98220,I
Predictive; Predisposing; Prognostic,0,SOD1,Study 102 TrialTroveID-078903,78903,I
,0,,Study 101 TrialTroveID-078887,78887,I
,1,,TrialTroveID-403861,403861,Iii
Predictive; Predisposing; Prognostic,0,SOD1,TrialTroveID-109688,109688,Ii
,0,,TrialTroveID-483042,483042,I
Diagnostic; Predictive; Predisposing; Prognostic,0,CCL2; CD4; CD8A; HNRNPU; IL2; IL7R; PLAC8; transferrin; TRIP12,EudraCT number: 2014-001327-71 IMODALS LOCAL/2014/WC-01 NCT02059759 TrialTroveID-202570,202570,Ii
Diagnostic; Predictive; Predisposing; Prognostic,0,CD4,NCT06395038 PRO00037661 TrialTroveID-515031,515031,I
Diagnostic; Predictive; Predisposing; Prognostic,0,IL2; MIP,NCT06307301 PRO00031998 TrialTroveID-507665,507665,I
,0,,TrialTroveID-297957,297957,I
Diagnostic; Predictive; Predisposing; Prognostic,0,CD4; OLR1,NCT04055623 Pro00022167 Tregs in ALS TrialTroveID-355351,355351,Ii
Diagnostic; Predictive; Predisposing; Prognostic,0,APP; CD14; CD4; IL2RA; ISG20; LBP; MIP; NELFCD; RHO; RND1; SPAG5,NCT03241784 TrialTroveID-306643,306643,I
Diagnostic; Predictive; Predisposing; Prognostic,0,CCL2; CD4; CD8A; CTLA4; EXOSC9; FOXP3; IKZF2; IL2; NCAM1; NEFH; NUPR1; PLAC8; S100A12; S100A8,EudraCT Number: 2015-005347-14 H2020/PHRC-N/2014/GB-01 MIROCALS NCT03039673 TrialTroveID-294523,294523,Ii
,1,,TrialTroveID-415777,415777,Ii/Iii
,0,,KY2023-252-01 NCT06181526 SPECIALS TrialTroveID-497466,497466,I
,1,,TrialTroveID-294333,294333,Iii
Diagnostic; Predictive; Predisposing; Prognostic,0,CST3; SOD1,GALS-C TrialTroveID-250098,250098,I
Diagnostic; Predictive; Predisposing; Prognostic,0,ATP2C1; CST3; HINT1; SOD1,GALS GALS 001 NCT01854294 TrialTroveID-186232,186232,Ii
,0,,IRCT20080728001031N26 NCT02492516 Royan-Nerve-008 TrialTroveID-261007,261007,I
,0,,NCT05003921 SC-7-ATG-7-01 TrialTroveID-411366,411366,I
Diagnostic; Predictive; Predisposing; Prognostic,0,CRP; MSC,NCT02881476 TrialTroveID-285498 UWM/ALS-MSC.2015/001 UwmWjmscAls,285498,I
Prognostic,0,ATP6V0A1,20111207ALS NCT01494480 TrialTroveID-158813,158813,Ii
Prognostic,0,ZMYM2,NCT02236065 TrialTroveID-216528 UCBnG-CSF,216528,Ii
Diagnostic; Predictive; Predisposing; Prognostic,0,C4orf3; NEFL; SOD1,2023-510344-20-00 ALN-SOD-ALS-2351 NCT06351592 TrialTroveID-511787,511787,I
,0,,2 ALSParadigm NCT03073239,454913,Other
,1,,TrialTroveID-078982,78982,Iii
,0,,TrialTroveID-078979,78979,I
,1,FOLH1B,NEALS TrialTroveID-078978,78978,Iii
,0,,TrialTroveID-078975,78975,Ii
Diagnostic; Predictive; Predisposing; Prognostic,1,CD200; GZMB; POLR3K,AGI-ALS-III-01 NCT00069186 Orphan Drug:01-1527 TrialTroveID-078693,78693,Iii
,0,,TrialTroveID-122392,122392,Ii
,1,,TrialTroveID-080471,80471,Iii
,0,,TrialTroveID-078980,78980,Ii
,0,,6302 AAAB6334 ALSA ID#920 IRB00002357 NCT00355576 TrialTroveID-078743,78743,Ii
,0,,ACTRN12619001639112 PMX-205-001 TrialTroveID-405701 U1111-1243-2230,405701,I
Prognostic,1,PICK1,04033101 NCT00127114,234390,Iv
Diagnostic; Predictive; Predisposing; Prognostic,0,ADAMTS2; CD200,AMBALS FLO-AMB-01 NCT05959850 TrialTroveID-478911,478911,Ii
,0,,AMDX-2011P NCT05542576 PROBE,442442,Iii
Diagnostic; Prognostic,0,ACTA1,TrialTroveID-078769,78769,Ii
Diagnostic; Predictive; Predisposing; Prognostic,0,GRN,AOBS-NEU-RPF-2011 EudraCT Number: 2011-004571-37 ReProIn-FTD TrialTroveID-313628,313628,Ii
Diagnostic,1,MNDA,TrialTroveID-080217,80217,Iii
,0,,NCT03103815 TrialTroveID-298816 WJ2017001,298816,Ii
Diagnostic; Predictive; Predisposing; Prognostic,0,AMT; CYP3A4; SOD1,AMT-162-001 NCT06100276 TrialTroveID-489925,489925,Iii
,0,,TrialTroveID-493738,493738,I
Diagnostic; Predictive; Predisposing; Prognostic,0,CTSC; SOD1; TNF,ANA-ALS01 EudraCT Number: 2010-019218-26 NCT01277315 TrialTroveID-140927,140927,Ii
Diagnostic; Prognostic,0,LAT,NCT04204889 TOALS TrialTroveID-363866,363866,I
,0,,TrialTroveID-014876,14876,Ii
,0,,TrialTroveID-418152,418152,Ii
,0,,jRCTb050190128 PB5160011 TrialTroveID-312311 UMIN000024132,312311,I
Diagnostic; Predictive; Prognostic,0,MSC,TrialTroveID-294141,294141,I
Diagnostic; Predictive; Predisposing; Prognostic,0,ASL; CD4; CD8A; MSC; TNF,CeTMad/ELA/2011 EudraCT Number: 2011-006254-85 NCT02290886 REec-2013-0095 TrialTroveID-191427,191427,Iii
,0,,ANX005-ALS-01 ANX005-IF-01 CCR-20-127 EudraCT Number: 2021-000325-26 NCT04569435 TrialTroveID-385677,385677,Ii
,0,,ANX005-CP01 NCT02937753 NCT03010046 TrialTroveID-293551,293551,I
Diagnostic; Predictive; Predisposing; Prognostic,0,NEFH; NEFL; SOD1,250403 AP-101-02 AP101-02 EudraCT Number: 2020-005971-11 NCT05039099 TrialTroveID-413450,413450,Ii
Diagnostic; Predisposing; Prognostic,0,TPO; TTLL5,AP101-01 NCT03981536 TrialTroveID-351306,351306,I
Predictive; Predisposing; Prognostic,1,CYP2C9; CYP3A4,LAM-002A-FTD-EAP NCT05483322 TrialTroveID-438542,438542,Iv
Diagnostic; Predictive; Predisposing; Prognostic,0,AKR1C1; CBS; CYP2C9; CYP3A4,LAM-002A-ALS-CLN01 NCT05163886 TrialTroveID-421066,421066,Ii
,0,,TrialTroveID-400873,400873,I
Diagnostic; Predictive; Predisposing; Prognostic,0,NPC1; NPC2; PICK1,NCT04316637 OR-ARI-EAP-NPC TrialTroveID-370535,370535,Other
Diagnostic; Predictive; Predisposing; Prognostic,1,TBX1,20180389 EudraCT Number: 2018-000137-13 NCT03491462 NL65582.041.18 ORARIALS-01 SNCTP000003805 TrialTroveID-317692,317692,Iii
,0,,TrialTroveID-080120,80120,Ii
,0,,AALS-001-Extension AALS-001-OL TrialTroveID-078851,78851,Ii
,0,FOLH1B,AALS-001 NCT00244244 TrialTroveID-078846,78846,Ii
Diagnostic; Predictive; Predisposing; Prognostic,1,albumin; CST3,EudraCT Number: 2019-000374-39 NCT03836716 NL69675.041.19 ORARIALS-02 SNCTP000003764 TrialTroveID-342818,342818,Iii
Diagnostic; Predictive; Predisposing; Prognostic,1,SOD1; TBX1,20100758 20101021 Arimoclomol in SOD1 fALS NCT00706147 TrialTroveID-093162,93162,Ii/Iii
,0,,TrialTroveID-080193,80193,I
,0,,TrialTroveID-080092,80092,I
,0,,AALS-003 NCT00561366 TrialTroveID-079897,79897,Ii
Diagnostic; Predictive; Predisposing; Prognostic,0,CYP19A1; DCLK3; NEFL; PDSS1; SOD1,AROSOD1-1001 EudraCT Number: 2023-509032-26 NCT05949294 TrialTroveID-478079,478079,I
,0,,TrialTroveID-499424,499424,Iii
,0,,TrialTroveID-459727,459727,Ii
Prognostic,0,ATP2C1,ASTRO-001-IL NCT03482050 TrialTroveID-263255,263255,Iii
,0,,TrialTroveID-490059,490059,I
Prognostic,0,ATP2C1,ALS04 NCT04390386 TrialTroveID-374610,374610,Ii
Diagnostic; Predictive; Predisposing; Prognostic,0,CD4; NEFH,ALS-03 NCT04309604 TrialTroveID-369817,369817,I
Diagnostic; Predictive; Predisposing; Prognostic,0,albumin; CUX1; HCLS1; KHSRP; PSIP1; TCF3; TNFRSF1B,ALS03 NCT03508453 TrialTroveID-323146,323146,Ii
Diagnostic; Predictive; Predisposing; Prognostic,0,albumin; CUX1; HCLS1; KHSRP; NTSR1; PSIP1; TCF3; TNFRSF1B,ALS01 NCT03487263 TrialTroveID-321826,321826,I
Diagnostic; Predictive; Predisposing; Prognostic,0,albumin; CUX1; HCLS1; KHSRP; PSIP1; TCF3; TNFRSF1B; TSPO,ALS02 NCT03474263 TrialTroveID-320908,320908,Ii
,0,,TrialTroveID-079879,79879,Ii
,0,,lj11128 NCT04391361 TrialTroveID-374769,374769,Ii
Diagnostic; Predictive; Predisposing; Prognostic,0,CRP; TNF,HBALS01 NCT04514952 TrialTroveID-382158,382158,I
Diagnostic; Predictive; Predisposing; Prognostic,0,CD200; CST7; MPG,EudraCT Number: 2019-002302-46 IMIB-TCIM/ELAII-2019-01 NCT04849065 TCIM-ELAII TrialTroveID-361959,361959,Ii
Diagnostic; Predictive; Prognostic,0,MSC,AMSC in ALS AMSC-ALS-001 EudraCT number: 2011-000362-35 NCT03828123 TrialTroveID-165435,165435,Iii
Diagnostic; Predictive; Predisposing; Prognostic,0,MS4A2; MSC; NEFL,15-008008 NCT03268603 TrialTroveID-308228,308228,Ii
Diagnostic; Predictive; Predisposing; Prognostic,1,MSC; MSR1; PICALM; TBX1; TGFB1; VEGFA,BCT-002-US CIRM CLIN2-0989 NCT03280056 TrialTroveID-293113,293113,Iii
,0,,TrialTroveID-271339,271339,Ii
Diagnostic; Predictive; Prognostic,0,GGT1; MSC,MSC-NTF-002-HMO-CTIL NCT01777646 TrialTroveID-181174,181174,Ii
Diagnostic; Predictive; Predisposing; Prognostic,0,ELSPBP1; MSC; VEGFA,BCT-001-US NCT02017912 TrialTroveID-122551,122551,Ii
Diagnostic; Predictive; Prognostic,0,MNDA; MSC,MSC-NTF 28/12/09 MSC-NTF-001-HMO-CTIL NCT01051882 TrialTroveID-121611,121611,Iii
Diagnostic; Predictive; Prognostic,0,CD200; MARCHF1,EudraCT Number: 2009-014484-39 hNSCALS NCT01640067 TrialTroveID-171191,171191,I
Diagnostic; Predictive; Prognostic,0,CD200,IRCT201107221696N3 TrialTroveID-151759,151759,Ii
,0,,IRCT20200828048551N1 TrialTroveID-404742,404742,Ii
Diagnostic; Predictive; Prognostic,0,MSC,0208-16-HMO NCT04821479 TrialTroveID-400308,400308,Iii
Diagnostic; Predictive; Prognostic,0,MSC,TrialTroveID-393178,393178,Ii
,0,,jRCT2013190010 TrialTroveID-376371,376371,Ii
,0,,NCT03067857 SCA-MND1 TrialTroveID-296758,296758,Iii
,0,,NCT02987413 TrialTroveID-292145,292145,I
Diagnostic; Predictive; Predisposing; Prognostic,0,ARHGEF7; BDNF; CD40; GDNF; HGF; MSC; SERPINF1; VEGFA,401922/2014-6 NCT02917681 TrialTroveID-287450,287450,Iii
Diagnostic; Predictive; Prognostic,0,MSC,NCT02881489 TrialTroveID-285529 UWM/ALS-MSC.2015/002 UwmBmmscALS,285529,I
Diagnostic; Predictive; Prognostic,0,MSC,09-001995 NCT01142856 TrialTroveID-225119,225119,I
,0,,NCT02242071 NGBSI-10 TrialTroveID-217041,217041,I
Diagnostic; Predictive; Prognostic,0,CD200; CST7; DAND5,EudraCT Number: 2011-004801-25 NCT02286011 TCIM ELA TCIM-ELA TCIM/ELA TrialTroveID-213436,213436,I
,0,,ALS-BMSC #01 NCT02193893 NeuStem-ALS TrialTroveID-213322 ZPO 02,213322,I
,0,,NCT02116634 TrialTroveID-207245,207245,Iii
,1,,NCT01933321 TrialTroveID-193196,193196,Ii/Iii
Predictive; Prognostic,0,CUBN,NCT01771640 Royan-Nerve-006 TrialTroveID-180658,180658,I
Predictive; Prognostic,0,CUBN,NCT01759797 Royan-Nerve-005 TrialTroveID-180040,180040,I
Predictive; Prognostic,0,CUBN,NCT01759784 Royan-Nerve-004 TrialTroveID-179958,179958,I
Prognostic,0,LIPA,TrialTroveID-177338,177338,Ii
,0,,TrialTroveID-175665,175665,Ii
Diagnostic; Predictive; Predisposing; Prognostic,0,ARID1A; MSC,11-008415 NCT01609283 TrialTroveID-168986,168986,I
Diagnostic; Predictive; Predisposing; Prognostic,0,CD200; MUC1; PIM1,EC07/90762 EudraCT Number: 2006-003096-12 Extension CMN/ELA NCT01254539 TrialTroveID-139000,139000,Iii
Diagnostic; Predictive; Predisposing; Prognostic,0,ANG; BDNF; FGF1; HGF; IGF1; KARS1; NANOG; PIGF; TYMP; VEGFA,TrialTroveID-137610,137610,Ii
Diagnostic; Predictive; Prognostic,0,MSC,TrialTroveID-128341,128341,I
,0,,TrialTroveID-128299,128299,Ii
Diagnostic; Predictive; Prognostic,0,MSC,TrialTroveID-125440,125440,Ii
Diagnostic; Predictive; Predisposing; Prognostic,0,CD200; CD34; THY1,CMN/ELA EudraCT number: 2006-003096-12 ISCIII: EC07/90762 NCT00855400 TrialTroveID-105299,105299,Iii
Diagnostic; Predictive; Predisposing; Prognostic,0,CD40; CD83; CD86; IFNG; MSC,TrialTroveID-099163,99163,Iii
,0,,TrialTroveID-079164,79164,I
,0,,2008-ALS-I NCT01082653 TrialTroveID-121274,121274,I
Diagnostic; Predisposing; Prognostic,0,APOE; CDR1; PSPH; RUNX1T1,201800984A0 NCT04309253,369824,Ii
Diagnostic; Predictive; Predisposing; Prognostic,0,CDR1; GRN; RUNX1T1,ASPIRE-FTD AVB-PGRN-001 EudraCT Number:2022-002568-62 FTD-GRN NCT06064890 NL82614.000.22 TrialTroveID-487580,487580,Iii
,0,,TrialTroveID-319862,319862,I
Diagnostic; Prognostic,0,CTSC; ZMYM2,TrialTroveID-121202,121202,Ii
Diagnostic; Predictive; Prognostic,0,DDC,BT-BLF-O-BE-01 CTR20233503 TrialTroveID-495473,495473,I
Diagnostic; Predictive; Prognostic,0,DDC,CTR20222440 FH-BE-BLF TrialTroveID-447098,447098,I
Diagnostic; Predictive; Predisposing; Prognostic,0,CCL2; CXCL10; DOCK3; EIF2AK2; IFNG; NEFL,NADALS NCT05189106 TrialTroveID-422687,422687,Iii
Diagnostic; Prognostic,0,LIMS1,JapicCTI-173709 jRCTs031180058 TrialTroveID-328541,328541,Ii
Diagnostic; Prognostic,0,LIMS1,JapicCTI-173708 jRCTs031180059 TrialTroveID-328535,328535,Ii
Diagnostic; Prognostic,0,LIMS1,JapicCTI-153050 TrialTroveID-328269,328269,Ii
Diagnostic; Predictive; Predisposing; Prognostic,0,ABCG2,261AS101 NCT03945279 TrialTroveID-342190,342190,I
,0,,TrialTroveID-294783,294783,I
Prognostic,0,PICK1,38RC13.200 NCT02841358 NPCPsy,283026,(N/A)
,0,,BIO-2017-0270 NCT03427086 TrialTroveID-318345,318345,Ii
,0,,BASEC2022-02098 BL-001-1001 NCT05818306 SNCTP000005554 TrialTroveID-455406,455406,I
Predictive; Predisposing; Prognostic,0,FEV; SOD1,GENIALS NCT04819555 RIPH3-RNI20-GENIALS,435206,Other
,0,,DIAGALS DR230136 NCT06230562,502002,Other
Diagnostic; Predictive; Predisposing; Prognostic,0,LEP,2020_26 2021-A00879-32 BIOWATCH NCT05288842,427868,Other
,0,,TrialTroveID-197280,197280,I
Diagnostic; Predictive; Predisposing; Prognostic,0,IL2RA; ISG20; TNF,IRCT20160809029275N2 TrialTroveID-402477,402477,Ii
,0,,jRCT2051220002 TrialTroveID-432754,432754,Iii
Diagnostic; Predictive; Predisposing; Prognostic,0,CUX1; HCLS1; KHSRP; PSIP1; SOD1; TCF3; TNFRSF1B,jRCTs051180229 TrialTroveID-406623,406623,Iii
Predictive; Predisposing; Prognostic,0,CYP3A4; SOD1,iDReAM JMA-IIA00419 jRCT1090220419 jRCT2051190001 NCT04744532 TrialTroveID-348435 UMIN000036295 WI240618,348435,Iii
Diagnostic; Predictive; Predisposing; Prognostic,0,CDR1; L1CAM; RUNX1T1,062016 NCT02921477 TrialTroveID-287785,287785,I
Diagnostic; Predictive; Predisposing; Prognostic,1,CD200; CMAS,ChiCTR2200061794 TrialTroveID-437586,437586,Iv
Predictive; Prognostic,1,BDNF,TrialTroveID-079389,79389,Ii/Iii
,0,,CLMI070A02104 EudraCT Number: 2021-000298-10 ISRCTN77772103 NCT05330286 QSC205070 TrialTroveID-429802,429802,I
Diagnostic; Predisposing; Prognostic,0,ARHGEF2; ARID4B; CTSC; IL9; PSMD7,TrialTroveID-198310,198310,Other
,0,,08R-103 JPRN-UMIN000008527 TrialTroveID-171734 UMIN000008527,171734,Ii
,1,,IRCT20201020049089N1 TrialTroveID-404984,404984,Ii/Iii
,0,,TrialTroveID-429124,429124,I
Diagnostic; Predictive; Prognostic,0,ECSCR; NRG1; PPP1R12A,12-007139 NCT01723553,229561,I
,0,,19-009999 AND1 NCT04680130,392523,Other
Diagnostic; Predictive; Predisposing; Prognostic,1,albumin; CST3; CST7; CUX1; HCLS1; KHSRP; PSIP1; TCF3; TNFRSF1B,CPMS 53777 EudraCT Number: 2020-000579-19 ISRCTN15671139 MAGNET NCT06008249 NL76763.041.21 TrialTroveID-482552,482552,Iii
Diagnostic; Predictive; Predisposing; Prognostic,0,ADAMTS2; BDNF; TESS-2,NCT02862210 NYSPI 7310 TrialTroveID-284202,284202,Ii
Predictive; Predisposing; Prognostic,0,BOLL; SOD1,TrialTroveID-172823,172823,Other
,1,,EMERALD-OLE GCMR0001-OLE NCT04997954 TrialTroveID-410990,410990,Iv
Diagnostic; Prognostic,1,ASL,GCMR0001 NCT03690791 TrialTroveID-327987,327987,Iii
,0,,TrialTroveID-294518,294518,Ii
Diagnostic; Predictive; Predisposing; Prognostic,1,SCD; WASPA,NCT03944447 OMNI-Can Pro00033337 TrialTroveID-349174,349174,Iv
,0,,IRB201602098-N NCT02962050 R01NS100859,290564,Other
,0,RUBCNL,NCT02710110 TrialTroveID-274911,274911,I
,0,RUBCNL,IRB201600163 NCT02710162,274908,(N/A)
Diagnostic,0,CTSC,NCT03929068 Sinemet-001 TrialTroveID-348375,348375,I
,1,,EudraCT Number: 2007-002379-16 TrialTroveID-109547,109547,Iv
Diagnostic; Predictive; Predisposing; Prognostic,0,C5AR1; CHIT1; complement C5; CRP; FCN3; GABPA; HMOX1; IFNG; NFE2L2; TREM2; TXN; VEGFA,CC100B NCT03049046 TrialTroveID-295588,295588,I
,0,,CC100A NCT02050334 TrialTroveID-201835,201835,I
,0,,TrialTroveID-078192,78192,Ii
Diagnostic; Predictive; Predisposing; Prognostic,0,CSF1R; MTOR; SLA,2289/2007 EudraCT Number: 2007-004165-17 TrialTroveID-109374,109374,Ii
,0,,Internal-16964 NCT00718393 TrialTroveID-094243,94243,I
Prognostic,1,FOLH1B; MIEN1,TrialTroveID-078869,78869,Iii
Diagnostic; Predictive; Predisposing; Prognostic,0,FUS,17-0159-F6A NCT03707795 TRANSLATE TrialTroveID-334799,334799,I
Diagnostic; Prognostic,0,ABRA; STAR,NCT02666963 RTA 901-C-1503 TrialTroveID-272113,272113,I
Predictive; Prognostic,0,ASPRV1; CDR1; insulin A1C; RUNX1T1,153073 CCR-21-69 EudraCT Number: 2021-002251-11 NCT04993755 TPN-101-C9-201 TrialTroveID-410706,410706,Ii
Diagnostic; Predictive; Predisposing; Prognostic,0,FAS,TrialTroveID-105840,105840,Ii
,0,,TrialTroveID-496749,496749,Ii
,1,,TrialTroveID-458257,458257,Iii
Diagnostic; Predictive; Predisposing; Prognostic,0,CAV2; CYP1A2; CYP2C9,NCT05436678 NST-PK-003 TrialTroveID-435753,435753,I
Diagnostic; Predictive; Predisposing; Prognostic,0,CYP1A2; CYP2C9,NCT05232461 NST-PK-001 TrialTroveID-424645,424645,I
Diagnostic; Predictive; Predisposing; Prognostic,0,CYP2C9; DICER1; MAP1LC3A; transferrin,EudraCT Number: 2022-002185-32 MOH_2022-04-27_010760 NCT05357950 NST003 PARADIGM TrialTroveID-384235,384235,Ii
Diagnostic; Prognostic,0,CBY2; MAP1LC3A,NCT04165850 NST002 TrialTroveID-361518,361518,Ii
,0,,NCT04090684 NST001 TrialTroveID-357284,357284,Iii
Diagnostic; Predictive; Predisposing; Prognostic,1,ADAMTS2; HPSE; PRL,07-48 218-2006 NCT00376051,236790,Iv
,0,,TrialTroveID-121291,121291,Ii
Diagnostic,0,MNDA,TrialTroveID-120980,120980,Ii
Diagnostic; Predictive; Predisposing; Prognostic,0,ATP2C1; NEFL; TBX1,CK0803-101-1 NCT05695521 REGALS TrialTroveID-443188,443188,I
,0,,TrialTroveID-407238,407238,I
,0,,jRCT2063200047 TrialTroveID-398906,398906,Ii
,0,,NCT04245709 TrialTroveID-366483,366483,Ii
Diagnostic; Predictive; Predisposing; Prognostic,0,ARID1A,TrialTroveID-121197,121197,Ii
,0,,TrialTroveID-505607,505607,Ii
,1,,RESTORE-ALS TrialTroveID-475642,475642,Iii
Diagnostic; Predictive; Predisposing; Prognostic,0,ADAMTS2; ADM; CST7,CNMAu8.205 OLE NCT05299658 TrialTroveID-428461,428461,Ii
Diagnostic; Prognostic,0,INPP5D,CNMAu8.EAP02 EAP02 NCT05281484 TrialTroveID-414605,414605,Ii
Diagnostic; Predictive; Predisposing; Prognostic,1,ATP2C1; GALE; NEFL; TBX1,2019P003518C HEALEY ALS Platform Trial - Regimen C NCT04414345 SFD20018-C TrialTroveID-376187,376187,Ii/Iii
Diagnostic; Predictive; Predisposing; Prognostic,0,ADAMTS2; ADM; CST7; TBX1,CNMAu8.205 NCT04098406 RESCUE-ALS TrialTroveID-357443,357443,Ii
,0,,CNMAu8.EAP01 EAP01 NCT04081714 TrialTroveID-356802,356802,Ii
Diagnostic; Prognostic,0,GYPC; UGP2,CNMAu8.203 NCT03843710 REPAIR-ALS TrialTroveID-343595,343595,Ii
Diagnostic; Predictive; Predisposing; Prognostic,0,CSN3; CST7; GDNF; LIMS1; NPC1,NCT05306457 STUDY00000278 TrialTroveID-428784,428784,I
Diagnostic; Predictive; Predisposing; Prognostic,0,CSN3; CST7; GDNF; NPC1,NCT02943850 Pro00042350 TrialTroveID-289249,289249,Iii
Diagnostic; Predisposing; Prognostic,1,AGO2; CDR1; RUNX1T1,jRCTs061180062 TrialTroveID-313732 UMIN000019587,313732,Iii
Diagnostic; Predisposing; Prognostic,0,AGO2,TrialTroveID-079174,79174,Ii
Diagnostic; Predictive; Predisposing; Prognostic,0,AGO2; insulin A1C; SPAG9,AAAA1536 NCT00243932 QALS study TrialTroveID-078993,78993,Ii
Diagnostic,0,CTRL,69HCL22_0275 CTRL COH NCT05370079,431922,Other
,0,ANKH,NCT01259050 TrialTroveID-139279 Zinc-ALS,139279,Iii
Diagnostic; Predictive; Predisposing; Prognostic,0,FAS,NCT01906658 QSC01-ALS-01 TrialTroveID-185472,185472,Ii
,1,,MNK14042068 NCT03068754 PENNANT PER-007-18 TrialTroveID-291420,291420,Ii/Iii
,0,,TrialTroveID-414519,414519,Ii
,0,,TrialTroveID-506618,506618,Ii
Diagnostic; Predictive; Predisposing; Prognostic,0,CTLA4; CUBN,TrialTroveID-463414,463414,I
,0,,TrialTroveID-463412,463412,Iii
,0,,TrialTroveID-079570,79570,Ii
,0,,M01RR00036 NCRR-M01RR00036-0745 NCT00005674 TrialTroveID-079012,79012,Ii
Diagnostic; Predictive; Prognostic,0,CD200,NCT00070993 R01 AT000967-01 R01 AT000967-03 R01-AT000967 R01-AT000967-02 TrialTroveID-078732,78732,Ii
,0,,M01RR00109 NCRR-M01RR00109-0750 NCT00005766,224420,Ii
,0,,TrialTroveID-177421,177421,I
,0,,TrialTroveID-133804,133804,I
Diagnostic; Predictive; Predisposing; Prognostic,0,BMP7,TrialTroveID-359391,359391,Iii
Diagnostic; Predictive; Predisposing; Prognostic,0,CXCL1; insulin; MIP; PTH; TNF; VEGFA,AZT-006 NCT04428775 TrialTroveID-376925,376925,Ii
,0,,CMD-2020-001 NCT04313166 TrialTroveID-370043,370043,Ii
,1,,CMD-2019-001 NCT04082832 TrialTroveID-356775,356775,Ii/Iii
,0,,CMD-2017-001 NCT03136809 TrialTroveID-300572,300572,Iii
Diagnostic; Predictive; Predisposing; Prognostic,0,albumin,CMD-2016-001 NCT02870634 TrialTroveID-284623,284623,I
Diagnostic; Predictive; Predisposing; Prognostic,1,CD200; EPO; MTOR,TrialTroveID-294514,294514,Iv
Diagnostic; Predictive; Predisposing; Prognostic,0,SRC,NCT04499963 pro00103700 TrialTroveID-381128,381128,Ii
,0,,TrialTroveID-182580,182580,I
,0,,TrialTroveID-486783,486783,I
Prognostic,0,PICK1,0801M25201 0801M25202 MT2008-02 NCT00668564 TrialTroveID-207950,207950,Ii
Diagnostic; Predictive; Predisposing; Prognostic,1,ARSA; CD34; CLN3; PICK1,MT1995-01 NCT00176904 TrialTroveID-207956,207956,Ii/Iii
Predictive; Predisposing; Prognostic,0,ATP2C1; CYP2D6; CYP3A4; SOD1,ALS-DARI-1 NCT06249867 TrialTroveID-503396,503396,Ii
Diagnostic; Predictive; Predisposing; Prognostic,0,IGFBP7,15-N-0126 150126 NCT02437110 TrialTroveID-257041,257041,I
,0,,ChiCTR2300074923 TrialTroveID-482403,482403,Ii
Diagnostic; Predictive; Predisposing; Prognostic,0,ADAMTS2; CBS; CDR1; COMT; GRN; LRP2; MAPT; PSPH; RUNX1T1; VCP,AL-108 NAP Pilot NCT01056965 TrialTroveID-242433,242433,I
Diagnostic; Predictive; Predisposing; Prognostic,0,PDSS1; TBX1,CORT113176-652 DAZALS EudraCT Number: 2021-005611-31 NCT05407324 NL80995.041.22 TrialTroveID-434057,434057,Ii
Prognostic,0,IGFBP4,CORT113176-654 EudraCT Number: 2022-000181-18 IRAS 1005009 ISRCTN52169163 QSC207407 TrialTroveID-431662,431662,I
,0,,CORT113176-653 EudraCT Number: 2021-002456-36 NCT04994743 TrialTroveID-410677,410677,I
,0,,CORT113176-651 EudraCT Number: 2021-002544-78 NCT04990310 TrialTroveID-410425,410425,I
,0,,271965 CORT113176-650 EudraCT Number: 2019-004258-27 NCT04249323 TrialTroveID-366565,366565,I
Diagnostic; Predictive; Predisposing; Prognostic,1,TBX1,Study BCT-006-US TrialTroveID-493193,493193,Iii
,1,,BCT-003-US NCT04681118 TrialTroveID-391780,391780,Iii
Diagnostic; Predisposing; Prognostic,0,SRI,2012_69 EudraCT Number: 2013-001228-21 FAIR-ALS NCT02164253 SAFE-FAIR-ALS SAFEFAIRALS TrialTroveID-211006,211006,Ii
Diagnostic; Predictive; Predisposing; Prognostic,1,DOCK3; TBX1,2016_76 EudraCT Number: 2017-003763-35 FAIR-ALS II NCT03293069 TrialTroveID-309968,309968,Ii/Iii
,0,,2010_29 2010-A01216-33 LymphoEnergy NCT02880033,285271,(N/A)
,0,,EudraCT Number: 2020-003962-38 NCT04762589 NL75564.041.20 RT001-014 TrialTroveID-396647,396647,Ii
Diagnostic; Prognostic,0,FUT4,TrialTroveID-333164,333164,I
Diagnostic; Predisposing; Prognostic,0,ADAMTS2; AVP; MCF2; PSPH,15-AVP-786-203 NCT02534038 TrialTroveID-263745,263745,Ii
Diagnostic; Predisposing,0,ACKR2; AVP,14-AVP-786-102 NCT02336347 TrialTroveID-250379,250379,I
Diagnostic; Predisposing; Prognostic,0,ACKR2; AVP; PRDX6; PRX,14-AVP-786-101 NCT02174822 TrialTroveID-211881,211881,I
Diagnostic; Predisposing,0,ACKR2; AVP,13-AVR-134 NCT02174835 TrialTroveID-211878,211878,I
Diagnostic; Predisposing,0,AVP,12-AVR-132 NCT01787747 TrialTroveID-178131,178131,I
,1,,EudraCT Number: 2018-000142-18 TrialTroveID-324339,324339,Iv
Predictive,0,CEP70,BXCL501-203 NCT05276830 TrialTroveID-427128,427128,Ii
Prognostic,0,PPP4C,TrialTroveID-179548,179548,I
Diagnostic; Prognostic,1,SRCIN1,223AS304 DeNDRoN 058ext ENVISION EudraCT Number: 2011-006119-70 MREC N° 12/NW/0413 NA_00071274 NCT01622088 NL40561.041.12 TrialTroveID-169730 UKCRN ID: 12687,169730,Iii
,0,,223HV106 NCT01607034 TrialTroveID-168549,168549,I
Predictive; Predisposing; Prognostic,0,CYP2C9,223HV105 NCT01597310 TrialTroveID-167533,167533,I
,0,DCLK3,223HV104 NCT01536249 TrialTroveID-162708,162708,I
,0,,223HV102 NCT01511029 TrialTroveID-160501,160501,I
,0,,223HV103 NCT01449578 TrialTroveID-154751,154751,I
,0,,223RI101 NCT01424176 TrialTroveID-151922,151922,I
,0,,223HV101 NCT01424163 TrialTroveID-151907,151907,I
Prognostic,0,KIF5B,CL211 KNOPP CL211 KNS-760704-CL211 NCT00931944 TrialTroveID-111411,111411,Ii
Diagnostic; Predictive; Predisposing; Prognostic,1,KIF5B; LMNB1; RPS25; TBX1,223AS302 DeNDRoN 058 EMPOWER EudraCT Number: 2010-022818-19 KNS-760704-CL301 NCT01281189 NL35564.041.11 TrialTroveID-105607 UKCRN ID: 9001,105607,Iii
Diagnostic; Predictive; Prognostic,0,CST3; KIF5B; NES,CL201 KNS 760704-CL201 KNS-760704-CL201 NCT00647296 TrialTroveID-078900,78900,Ii
Prognostic,0,KIF5B,KNS 760704-CL002 TrialTroveID-078890,78890,I
Prognostic,0,KIF5B,KNS 760704-CL001 TrialTroveID-078888,78888,I
,0,,NCT03883581 OCR20392 TrialTroveID-345808,345808,Iii
Diagnostic; Predictive; Predisposing,0,AVP; KEL,17-AVR-135 NCT03381664 TrialTroveID-315238,315238,I
Predisposing; Prognostic,1,ADAMTS2,15-AVR-404 NCT02496039 TrialTroveID-261362,261362,Iv
Diagnostic; Predisposing,1,AVP,99-AVR-102 AVP-923 NCT00021697,224640,Iii
Predictive; Predisposing; Prognostic,0,CYP2D6,2012P001274 NCT01806857 NUE-2012 TrialTroveID-182930,182930,Ii
,1,,TrialTroveID-175656,175656,Iv
Diagnostic; Prognostic,1,STAR,STAR-Ext TrialTroveID-114507,114507,Iii
,0,,ACSS TrialTroveID-106736,106736,I
,1,,TrialTroveID-080397,80397,Iii
Diagnostic; Predictive; Predisposing; Prognostic,1,ADAMTS2; AVP; S100A6; STAR,07-AVR-123 HUM00016766 NA_00014202 NCT00573443 STAR TrialTroveID-077401,77401,Iii
Diagnostic; Predisposing,1,AVP,02-AVR-107 NCT00056524 TrialTroveID-005588,5588,Iii
Diagnostic; Predictive; Predisposing; Prognostic,0,AVP; CYP3A4,15-AVP-786-103 NCT02402595 TrialTroveID-254771,254771,I
Diagnostic; Predisposing; Prognostic,0,ACKR2; AVP; GRIN2B; PRDX6; PRX,06-AVR-121 TrialTroveID-129210,129210,I
Diagnostic; Predictive; Predisposing; Prognostic,0,ADAMTS2; CD200; SOD1; SRCIN1,ACTRN12618000534280 SPIRIT Compliant TEALS Study TrialTroveID-323292 U1111-1211-7805,323292,Ii
Diagnostic; Predictive; Prognostic,0,CD59; GGT1; HNRNPA1; MLKL; RALBP1; SCGB1A1,EudraCT Number: 2016-003859-30 NL59310.056.16 TrialTroveID-285693,285693,I
,0,,DNLI-F-0009 NCT06281158 TrialTroveID-505876,505876,I
Diagnostic; Predictive; Predisposing; Prognostic,1,TBX1,2019P003518G HEALEY ALS Platform – Regimen G NCT05842941 TrialTroveID-449641,449641,Ii/Iii
Diagnostic; Predictive; Prognostic,0,ATF4; CHAC1; SLC5A3,DNLI-F-0003 EudraCT Number: 2021-001766-37 NCT05006352 NL77969.056.21 TrialTroveID-393846,393846,I
,0,,DNLI-F-0002 NCT04581772 TrialTroveID-386637,386637,I
Diagnostic; Predictive; Prognostic,0,ATF4; CHAC1; DCLK3; SLC5A3,DNLI-F-0001 EudraCT Number: 2019-004027-21 NCT04268784 NL72239.056.19 TrialTroveID-355585,355585,I
Diagnostic; Predictive; Predisposing; Prognostic,0,GRN,DNLI-H-0001 EudraCT Number: 2021-005733-16 FTD-GRN NCT05262023 NL81299.056.22 TrialTroveID-422947,422947,Iii
Predictive; Predisposing; Prognostic,0,CSN1S1; CYP3A4,DNLI-D-0003 EudraCT Number: 2018-003623-11 NCT03757351 NL67676.056.18 TDR16536 TrialTroveID-337679,337679,I
,0,,TrialTroveID-327301,327301,I
,0,,TrialTroveID-322502,322502,I
,0,,BDR16957 NCT05797701 TrialTroveID-464738 U1111-1256-9220,464738,I
,0,,NCT05795907 TDU16519-TDR16520 TrialTroveID-458128 U1111-1254-0034,458128,I
Diagnostic; Predictive; Predisposing; Prognostic,0,albumin; ATP2C1; CYP3A4; NEFL; TBX1,ACT16970 CCR-21-72 CTR20221567 EUCT number: 2023-509442-36-00 EudraCT Number: 2021-004156-42 HIMALAYA jRCT2031220078 NCT05237284 NL79644.041.21 TrialtroveID-415581 U1111-1263-5766,415581,Ii
,0,,EudraCT Number: 2021-001076-42 NCT04982991 PKM17247 TrialTroveID-377375 U1111-1264-3008,377375,I
Prognostic,0,ATP2C1,NCT05176093 REViVALS-1B TrialTroveID-422050 VMALS-002-2b,422050,Ii
Predictive; Prognostic,0,ATP2C1; BBS2,NCT04632225 REViVALS-1A TrialTroveID-279969 VMALS-002-2,279969,Ii
Diagnostic; Predictive; Prognostic,0,CD200,NCT02039401 TrialTroveID-200898 VMALS-001 / B,200898,Iii
,1,,CTRI/2019/08/020596 TrialTroveID-356001,356001,Iv
Predisposing; Prognostic,1,LCT,ChiCTR-TRC-14004981 TrialTroveID-213653,213653,Iv
,1,,TrialTroveID-105587,105587,Iv
Diagnostic; Predictive; Predisposing; Prognostic,1,ADAMTS2; CDR1; DOCK3; GGT1; RUNX1T1,ChiCTR2300078043 TrialTroveID-493918,493918,Iv
,1,,TrialTroveID-338865,338865,Iv
Diagnostic; Prognostic,1,WASPA,TrialTroveID-167932,167932,Iv
Diagnostic; Prognostic,1,WASPA,NCT00812851 THC SG TrialTroveID-103048,103048,Iv
,0,,IND 123119 Protocol B NCT02414230 T807ALS,255308,Ii
Diagnostic; Predictive; Predisposing; Prognostic,1,FAS; MT1B,TrialTroveID-511751,511751,Iii
,1,,jRCT2041220069 MT-1186-A-301 NCT05568615 TrialTroveID-444366,444366,Iii
Predictive,0,DCLK3; KEL,Food Effect Study MT-1186-J06 NCT05342597 TrialTroveID-430360,430360,I
,0,,PMC 3208-6 Study J05 TrialTroveID-423335,423335,I
Diagnostic; Predictive; Predisposing; Prognostic,1,HADHA; TBX1; TIMM8A,20-2340 BASEC2020-02985 CCR-20-158 EudraCT Number: 2019-004256-11 jRCT2031200301 MT-1186-A02 NCT04569084 SNCTP000004361 TrialTroveID-385686,385686,Iii
,0,,MT-1186-J02 NCT04481789 TrialTroveID-380057,380057,I
,1,,TrialTroveID-373066,373066,Iv
,1,,CTRI/2019/11/021838 ESEALS TrialTroveID-360982,360982,Iv
Diagnostic; Predictive; Predisposing; Prognostic,1,ATP2C1; BMPR2; CUX1; ELANE; HADHA; HCLS1; HSPG2; INPP5D; KHSRP; MNDA; NEFL; PSIP1; TCF3; TIMM8A; TNFRSF1B,NCT04259255 REFINE-ALS TrialTroveID-360137,360137,Iv
,1,,NCT04097158 TrialTroveID-357767,357767,Iv
Diagnostic; Predictive; Prognostic,1,ARTN,TrialTroveID-378613,378613,Iv
,1,,TrialTroveID-364529,364529,Iv
Diagnostic; Predisposing; Prognostic,0,GSTZ1,3208-4 MCI-186-J25 NCT04029090 TrialTroveID-353853,353853,I
Diagnostic; Predictive; Predisposing; Prognostic,0,albumin,3208-3 EudraCT Number: 2018-001163-23 MCI-186-E05 MCI-186-E05 HP NCT03664544 TrialTroveID-332552,332552,I
,1,,3208-5 TrialTroveID-330298,330298,Iv
,1,,TrialTroveID-325114,325114,Iii
,1,,SUNRISE Japan TrialTroveID-317338 UMIN000023978,317338,Iv
Predictive; Prognostic,0,CST7,TrialTroveID-315808,315808,Ii
,0,,MCI-186-J22 NCT03289208 TrialTroveID-309684,309684,I
,0,,MCI-186-J23 NCT03289234 TrialTroveID-309683,309683,I
,1,,TrialTroveID-306199 UMIN000024854,306199,Iii
,0,,TrialTroveID-294466,294466,Ii
,0,,TrialTroveID-252252 UMIN000016352,252252,Iii
Diagnostic; Predictive; Predisposing; Prognostic,1,GSTZ1; HADHA; TIMM8A,J19 MCI186-19 NCT01492686 Study 19 TrialTroveID-157748,157748,Iii
Diagnostic; Predictive; Predisposing; Prognostic,0,CAT; PDC,TrialTroveID-152786 UMIN000006103,152786,Ii
Diagnostic; Predictive; Predisposing; Prognostic,1,LEP,TrialTroveID-121739,121739,Iii
Diagnostic; Predictive; Predisposing; Prognostic,1,FAS,MCI186-17 NCT00424463 TrialTroveID-79058,79058,Iii
Diagnostic; Predictive; Predisposing; Prognostic,1,FAS,MCI186-18 NCT00415519 TrialTroveID-078952,78952,Iii
Diagnostic; Predictive; Predisposing; Prognostic,1,FAS; LIMS1; OPN1MW,JapicCTI-060256 MCI186-16 NCT00330681 Study 16 TrialTroveID-078836,78836,Iii
,0,,TrialTroveID-078784,78784,Ii
,0,,MT-1186-G01 TrialTroveID-350974,350974,I
,0,,Study J04 TrialTroveID-423334,423334,I
Predictive,0,DCLK3; KEL,MT-1186-J03 NCT04493281 Study J03 TrialTroveID-423333,423333,I
Diagnostic; Predictive; Predisposing; Prognostic,1,TBX1,BASEC2022-00492 EudraCT Number: 2021-003900-42 jRCT2071210117 MT-1186-A04 NCT05151471 SNCTP000005181 TrialTroveID-420326,420326,Iii
Predictive,0,KEL,jRCT2031200361 MT-1186-Z-101 NCT04776135 TrialTroveID-397963,397963,I
,1,,19-2377 EudraCT Number: 2020-000376-38 jRCT2041200084 MT-1186-A03 NCT04577404 TrialTroveID-386225,386225,Iii
,1,,MT-1186-G03 TrialTroveID-373996,373996,Iii
Predictive,0,DCLK3; KEL,JapicCTI-205129 jRCT2080225036 MT-1186-J05 NCT04254913 TrialTroveID-366825,366825,I
Predictive,0,DCLK3; KEL,JapicCTI-195050 jRCT2080224962 MT-1186-J04 NCT04176224 TrialTroveID-361981,361981,I
,0,,TrialTroveID-350976,350976,Ii
Diagnostic; Predictive; Predisposing; Prognostic,1,HADHA; MNDA; TIMM8A,EudraCT Number: 2019-002108-41 JapicCTI-195070 jRCT2080224982 MT-1186-A01 NCT04165824 TrialTroveID-350975,350975,Iii
,0,,MT-1186-J01 NCT04481750 TrialTroveID-350519,350519,I
,0,,NCT04219865 NJYK-CPEDRV-I TrialTroveID-364988,364988,I
Diagnostic; Predictive; Predisposing; Prognostic,1,TNF,ChiCTR2400082879 TrialTroveID-513626,513626,Iv
,0,,NCT06107205 TrialTroveID-490509 TTYP01-02-2022,490509,I
Diagnostic; Predictive; Predisposing; Prognostic,0,albumin; CAST; POLR1G,Auzone-01 NCT04370431 TrialTroveID-373533,373533,I
,0,,CTR20202055 TrialTroveID-389173 XWY-3-LC-04,389173,I
Diagnostic; Predictive; Predisposing; Prognostic,1,CUX1; HCLS1; KHSRP; PSIP1; TCF3; TNFRSF1B,ADOREXT EudraCT Number:2022-003050-32 FAB122-CT-2201 NCT05866926 NL83050.100.22 TrialTroveID-457360,457360,Iii
Diagnostic; Predictive; Predisposing; Prognostic,1,ATP2C1; TBX1,21/YH/0144 ADORE EudraCT Number: 2020-003376-40 FAB122-CT-2001 NCT05178810 NL74715.041.21 NL79225.041.21 TrialTroveID-411401,411401,Iii
,0,,TrialTroveID-325435,325435,I
,0,,TrialTroveID-269589,269589,I
Diagnostic; Predictive; Predisposing; Prognostic,0,albumin; CYP3A4,EudraCT number: 2015-000685-64 NL52559.041.15 TrialTroveID-269586,269586,I
,1,,ADORE TrialTroveID-212552,212552,Ii/Iii
,1,,266376 NCT05095571 TrialTroveID-417379,417379,Iv
Diagnostic; Predictive; Predisposing; Prognostic,1,NEFL; SPAG5,98955 NCT04562831 NO-ALS TrialTroveID-385546,385546,Iv
,0,,TrialTroveID-321723,321723,Ii
Diagnostic; Predictive; Prognostic,0,CD200; DAND5; MEOX2; PTER,H1479983999044 NCT03489200 TrialTroveID-321722,321722,Ii
,0,,CTR20230343 FB-1071-01-102 TrialTroveID-459434,459434,I
Diagnostic; Predictive; Predisposing; Prognostic,0,CYP3A4; WASPA,CTR20230290 FB-1071-01-101 TrialTroveID-451496,451496,I
,0,,NCT04840823 REALS-1 TrialTroveID-393104,393104,Iii
,0,,TrialTroveID-159636,159636,Ii
,0,SLA,21404132 EudraCT Number: 2010-020257-13 EudraCT Number: 2010-020257-14 TrialTroveID-133532,133532,Ii
,0,,CTR20240554 TrialTroveID-510355 WBYY23117,510355,I
Prognostic,0,LIME1,2023-YPLS-BE-062 CTR20234216 TrialTroveID-499248,499248,I
Diagnostic; Predictive; Prognostic,0,CTSC; EPO,HYNR-EPO NCT03835507 TrialTroveID-342634,342634,Iii
Diagnostic; Predictive; Prognostic,0,EPO,EPO200501 EudraCT Number: 2005-005873-31 TrialTroveID-109558,109558,Ii
Diagnostic; Predictive; Predisposing; Prognostic,0,albumin; EPO; VEGFA,EPOSS2010 EudraCT Number: 2011-001329-26 TrialTroveID-203402,203402,Ii
Diagnostic; Prognostic,1,GRIN2B,LXP-113 NCT00965497 Pro00003013 TrialTroveID-095453,95453,Iii
,0,,TrialTroveID-449050,449050,I
Diagnostic; Predictive; Predisposing; Prognostic,0,ADAMTS2; CDR1; CGA; RUNX1T1,2022-02-089 FTD_ET-STEM KCT0007072 NCT05315661 TrialTroveID-429197,429197,I
Diagnostic; Predictive; Predisposing; Prognostic,0,AURKA; CHN2; CST7; EGLN2; EGLN3; NKX2-1; TTK,2014D002776 NCT02450552 TrialTroveID-255732,255732,Ii
,0,,IND 123119 Protocol C NCT02707978,274750,Ii
Diagnostic; Predictive; Prognostic,0,CBS; PSPH,201700982A0 NCT03625128,330235,(N/A)
Diagnostic,0,BLOC1S5,16-001703 NCT02736695 SLD3,276655,Other
Diagnostic; Prognostic,0,ASPRV1; CTSC,2016-247 NCT02868567 OCR16600 TrialTroveID-284541,284541,I
,0,CNTRL,NCT01935518 PUTH-2013121 TrialTroveID-193283,193283,Ii
Diagnostic; Prognostic,0,ATP2C1; TRIM9,NCT05218668 REAL TrialTroveID-424018 WP-0512-003,424018,Ii
Diagnostic; Predictive; Predisposing; Prognostic,1,ADM; BDNF; CD200; CRP; CST7; GDNF; TNF,FB1006 M2022300 NCT05923905 TrialTroveID-475526,475526,Iv
,0,,FB418_P101 NCT05995782 TrialTroveID-481538,481538,I
Diagnostic; Predictive; Predisposing; Prognostic,0,TNF,FC-US-001 NCT05978908 TrialTroveID-480369,480369,I
Diagnostic; Predisposing; Prognostic,0,CMAS; LIMS1,ChiCTR2200064504 TrialTroveID-445398,445398,I
Diagnostic; Prognostic,1,LIMS1,ChiCTR2100046015 TrialTroveID-403111,403111,Iv
Diagnostic; Predictive; Predisposing; Prognostic,1,CCL3; IFNA17; IFNA2; NELFCD,FeTr-ALS NCT03766321 TrialTroveID-338338,338338,Iv
Predisposing; Prognostic,0,ADAMTS2,EFATD TrialTroveID-313650 UMIN000003683,313650,Ii
,0,,TrialTroveID-367862,367862,I
,0,,TrialTroveID-502974,502974,I
Diagnostic; Prognostic,0,PSMC2; RPS7,TrialTroveID-163081,163081,Ii
,0,,2013P000313 NCT01786174 TDI-132/Gilenya TrialTroveID-162194,162194,Ii
,0,,ACTRN12608000338369 FANS TrialTroveID-095021,95021,Ii
,0,,NCT04720001 STU00206530,394884,(N/A)
,0,,NCT04726527 PPA STU00044931,395277,(N/A)
,0,,18F-AV-1451-A19 NCT03040713,295259,I
,0,,NCT03283449 R01AG056258 STU00200893,309207,I
Diagnostic; Predictive; Prognostic,0,MAPT,AAAP4551 NCT02676843 R01NS076837,272750,Ii
,1,,"12-008988, 17-010087 NCT01818661 R01DC012519-09",230224,Iv
,0,,FLX-787-106 NCT03338114 TrialTroveID-312279,312279,Iii
,0,,FLX-787-107 NCT03334786 TrialTroveID-312126,312126,Iii
Diagnostic,0,CTSC,COMMEND FLX-787-203 NCT03196375 TrialTroveID-294782,294782,Ii
Diagnostic,0,CTSC,ACTRN12616001060437 Flex-202 TrialTroveID-279746,279746,I
Diagnostic; Predisposing; Prognostic,0,TYRP1,TrialTroveID-275419,275419,I
Diagnostic,0,CTSC,TrialTroveID-269677,269677,Ii
Prognostic,0,KARS1,TrialTroveID-080425,80425,Ii
Diagnostic; Predictive; Predisposing; Prognostic,0,CD8A; HSPG2; SIAE,TrialTroveID-330861,330861,I
,0,,TrialTroveID-080369,80369,Ii
,0,,TrialTroveID-080272,80272,I
Diagnostic; Predictive; Predisposing; Prognostic,0,ACE; CAV2; CDR1; GRN; NISCH; RUNX1T1,EudraCT Number: 2014-001489-85 FRM-0334-002 NCT02149160 TrialTroveID-232757,232757,Ii
Predictive; Prognostic,0,ARHGEF7; CNTRL; CST7,TrialTroveID-121983,121983,Ii
Diagnostic; Predictive; Predisposing; Prognostic,0,CD34; CSF3; CXCR4,TrialTroveID-106555,106555,Ii
Predictive; Prognostic,0,CST7,NCT00397423 R01-123456-1 TrialTroveID-078724,78724,Ii
Predisposing; Prognostic,0,ADAMTS2; PICK1,CR003106 NCT00416169,237177,Ii
Diagnostic; Predictive; Prognostic,0,EPO,EudraCT Number: 2005-001113-18 GCSFEPO_01 NCT00298597 TrialTroveID-078765,78765,Ii
,0,,TrialTroveID-395961,395961,I
,0,,GP40957 NCT03807739 TrialTroveID-341032,341032,I
,0,,EudraCT number: 2017-000299-27 GP39778 NCT03237741 TrialTroveID-306390,306390,I
,0,,EudraCT Number: 2017-002931-41 GN29823 NCT02655614 TrialTroveID-271474,271474,I
,0,,TrialTroveID-440237,440237,I
,0,,GFH312X3101 NCT04676711 TrialTroveID-392450,392450,I
Diagnostic; Predictive; Predisposing; Prognostic,0,ARHGEF7; CD40,TrialTroveID-079350,79350,Ii
,0,,ALS-GA-201 EudraCT Number: 2006-001688-49 GA-201 GoALS NCT00326625 TrialTroveID-079039,79039,Ii
,0,,TrialTroveID-080381,80381,Ii
Diagnostic; Predictive; Predisposing; Prognostic,0,ADAMTS2; ASL; CBS; CDR1; DOCK3; GRN; MAPT; NEFL; PSPH; RUNX1T1; TBK1; VCP,NCT03658135 TauBasket TrialTroveID-332160 UCSF-001-AET-1,332160,I
Diagnostic; Predictive; Predisposing; Prognostic,0,BDNF; CD34; CSF3,TrialTroveID-205673,205673,Ii
Diagnostic; Predictive; Predisposing; Prognostic,1,CD34; CSF3; CST7; PLP2; PROM1; SGCG,91-01-54-17265 IRCT201207238509N2 NCT01825551 TrialTroveID-180430,180430,Ii/Iii
,0,,TrialTroveID-351652,351652,Iii
Diagnostic; Predictive; Predisposing; Prognostic,0,albumin; CD14; CST3; EIF2A; IFNB1; TTR,EudraCT Number: 2014-005367-32 PROMISE TrialTroveID-298075,298075,Ii
Predisposing; Prognostic,0,ADAMTS2,jRCTs031220715 TrialTroveID-487208,487208,Ii
Diagnostic; Predictive; Prognostic,1,HSP90B1,ChiCTR2200062823 TrialTroveID-441147,441147,Iv
,0,,TrialTroveID-286282,286282,I
Diagnostic; Predictive; Predisposing; Prognostic,0,NEFL; SOD1,ChiCTR2400079885 TrialTroveID-500356,500356,I
Diagnostic; Prognostic,0,CRYAB,DC-001 EudraCT Number: 2009-016817-68 NCT02442557 NL30321.040.09 TrialTroveID-216269,216269,I
Diagnostic; Predictive; Predisposing; Prognostic,0,CYP1A2; F10; KEL,HTL0014242-101 NCT03785054 TrialTroveID-339103,339103,I
,0,,TrialTroveID-372757,372757,I
,0,,F16029 GBI1501 NCT02872142 TrialTroveID-284798,284798,Ii
Diagnostic; Predictive; Predisposing; Prognostic,0,albumin; CBS; CST7; IL10; IL1B; IL2; IL6; TGFB2; TNF; WIPF1,EudraCT Number: 2013-004842-40 IG1309 NCT02479802 TrialTroveID-209130,209130,Ii
Diagnostic; Predictive; Predisposing; Prognostic,0,BDNF; CXCL13; GFAP; NF1; TNF; VEGFA,hNSCALSII NCT06344260 STEMALS TrialTroveID-511096,511096,Ii
Diagnostic; Predictive; Prognostic,1,LIME1; MS4A1,EudraCT Number: 2012-001995-12 I10E-0901 LIME NCT01951924 TrialTroveID-231219,231219,Iii
,0,,TrialTroveID-509880,509880,I
,0,,EudraCT Number: 2017-001983-39 NL61931.041.17 PHALS TrialTroveID-310325,310325,Ii
Diagnostic; Predictive; Predisposing; Prognostic,0,MIF,TrialTroveID-122009,122009,I
Diagnostic; Predictive; Predisposing; Prognostic,1,COX7A2L; NPC1; PICK1; PPCS,CTD-TCNPC-301 EudraCT Number: 2020-003136-25 NCT04860960 TransportNPC TrialTroveID-402637,402637,Iii
Diagnostic; Predictive; Predisposing; Prognostic,0,NPC1; PICK1; PPCS,CTD-TCNPC-102 NCT03893071 TrialTroveID-346391,346391,I
Diagnostic; Predictive; Predisposing; Prognostic,0,AGO2; NPC1; PICK1; PPCS,CTD-TCNPC-101 NCT02939547 TrialTroveID-288905,288905,I
Diagnostic; Predictive; Predisposing; Prognostic,0,CMAS; NPC1; PICK1,CTD-TCNP-201 CTD-TCNPC-201 EudraCT Number:2015-005761-23 MOH_2017-09-17_000540 NCT02912793 TrialTroveID-287116,287116,Iii
Diagnostic; Predictive; Predisposing; Prognostic,0,ABR; NPC1; PICK1,19-CH-0028 190028 NCT03887533 TrialTroveID-346005,346005,Iii
Diagnostic; Predictive; Predisposing; Prognostic,0,LIPA; NPC1; NPC2; PICK1; PPCS; SMPD1,201708114 NCT03471143 TrialTroveID-321078,321078,Iii
Diagnostic; Predictive; Predisposing; Prognostic,0,AOC1; ASPRV1; EGF; NPC1; NPC2; PICK1,130001 NCT01747135 TrialTroveID-229710,229710,Iii
Diagnostic; Predictive; Predisposing; Prognostic,0,CCL4; CCL5; MIP,HYNR-CS-Allo-02 NCT03214146 TrialTroveID-305008,305008,I
Diagnostic; Predictive; Predisposing; Prognostic,0,CCL4; CCL5; MIP,HYNR-CS-Allo-01 NCT01758510 TrialTroveID-179974,179974,I
,0,,MN-166-HDT-002 NCT04054206 TrialTroveID-355238,355238,I
Prognostic,1,ATP2C1,CCR-19-137 COMBAT-ALS EudraCT Number: 2019-003549-14 MN-166-ALS-2301 NCT04057898 TrialTroveID-333564,333564,Ii/Iii
,0,,MN-166-HDT-001 NCT03533387 TrialTroveID-324847,324847,I
Diagnostic; Predictive; Predisposing; Prognostic,0,AKR1C1; ATP2C1; TNF; TSPO,MN-166-ALS-1202 NCT02714036 TrialTroveID-267747,267747,Iii
Diagnostic; Predictive; Prognostic,0,ALDH7A1; LMNB1; MIP,IBU-ALS-1201 MN-166-ALS-1201 NCT02238626 STEP-IBUDILAST-ALS-DB-OLE-1 TrialTroveID-215483,215483,Ii
Diagnostic; Predictive; Predisposing; Prognostic,0,CFB; GFAP; NEFH; NEFL; SOD1; TARDBP,NCT04505358 PU-AD-SD-0202 TrialTroveID-381048,381048,Ii
Diagnostic; Predictive; Predisposing; Prognostic,0,A1BG; BDNF; CYP1A2; CYP2D6; IFNB1; NEFL; NGF; POU2F2; VEGFA,EudraCT Number: 2021-003875-32 NCT05508074 P288ALS Study TRIALS TRIALS Protocol TRIALS study TrialTroveID-403590,403590,Ii
Diagnostic; Predictive; Predisposing; Prognostic,0,albumin; B2M; CTBP1; DCLK3; DES; GGT1; IFNB1,EudraCT Number: 2018-000443-29 NCT03610334 P188 TrialTroveID-329360,329360,I
,0,,2008/351-31 NCT06376279,513537,Other
Diagnostic; Prognostic,0,LMNB1; SRCIN1,EudraCT Number: 2018-000668-28 ISRCTN83738603 NCT03705390 RG_17-250 TrialTroveID-331524,331524,Ii
Diagnostic; Predictive; Predisposing; Prognostic,0,albumin; CRP; HGF; myoglobin; NEFL; VWF,"1.2, 2018-05-15 1.5, 2019-06-25 EudraCT Number: 2017-005065-47 NCT03613571 TM-105 TrialTroveID-324533",324533,Ii
Diagnostic; Prognostic,1,PMP22,ALSI vig CRB4180007 jRCTs041190028 TrialTroveID-411490,411490,Iv
Diagnostic; Prognostic,0,LMNB1,TrialTroveID-198313,198313,Ii
,0,,2011P-000304 2011P00304 NCT01565395 TrialTroveID-262397 Xeomin 2012,262397,Ii
Diagnostic; Predictive; Prognostic,0,CBS,NCT02212119 NT-036 TrialTroveID-214357,214357,Ii
Diagnostic; Predisposing; Prognostic,0,PSPH; TPO,2011P-000304 2011P00304 NCT01653132 TrialTroveID-164671 Xeomin 2012,164671,Ii
,0,,NCT03168711 SURE-ALS2 TrialTroveID-294453,294453,Ii
Diagnostic; Predictive; Predisposing; Prognostic,0,GPSM2; MTOR,701 NCT02288091 TrialTroveID-220578,220578,I
Diagnostic,0,DHDDS,TrialTroveID-303547 UMIN000024312,303547,Ii
Diagnostic; Predictive; Predisposing; Prognostic,0,CD200; CD4; CST7; IL2,M2020420 NCT04952155 TrialTroveID-408279,408279,Ii
Prognostic,0,PICK1,15398 NCT01002300 R-08-395,242035,(N/A)
Diagnostic; Predictive; Predisposing; Prognostic,0,ATP2C1; ATXN2; FUS; insulin A1C; NEFL; SOD1,275AS101 ALSpire EudraCT Number: 2020-000207-36 NCT04494256 NL73598.000.20 TrialTroveID-374023,374023,Iii
,0,,245AS102 BASEC2020-00921 EudraCT Number: 2019-004798-14 NCT04288856 NL73220.000.20 SNCTP000004138 TrialTroveID-368837,368837,I
Diagnostic; Predictive; Prognostic,0,ATP2C1; CBS,216409 245AS101 245AS101 - AS EudraCT Number: 2017-000294-36 NCT03626012 NL69083.000.19 SNCTP000003128 TrialTroveID-330208,330208,Iii
Prognostic,0,CDR1; RUNX1T1,247AD201 CELIA EUCT Number: 2022-501644-15-01 EudraCT Number: 2022-501644-15 jRCT2031220635 NCT05399888 TrialTroveID-319730,319730,Ii
,0,,TrialTroveID-313920,313920,I
Diagnostic; Predictive; Prognostic,0,ATP2C1; NEFL; S100A6,101/3 MOH_2018-06-17_002459 NCT03755167 TrialTroveID-337573,337573,Ii
Diagnostic; Predictive; Prognostic,0,ATP2C1; NEFL; OPN1MW; S100A6,101/ 2 NCT03652805 TrialTroveID-331573,331573,Iii
,0,,TrialTroveID-169886,169886,I
Diagnostic; Predictive; Predisposing; Prognostic,0,CYP3A4; LIMS1,NCT05377424 OCR41682 TrialTroveID-432365,432365,Iii
Predictive; Predisposing; Prognostic,0,CYP3A4,INT17470 NCT05797753 TrialTroveID-464741 U1111-1267-9023,464741,I
Diagnostic; Predictive; Predisposing; Prognostic,0,FUS,TrialTroveID-370457,370457,I
,0,,TrialTroveID-407441,407441,Ii
,0,,jRCTs061230001 TrialTroveID-477476,477476,Ii
Prognostic,1,PICK1,D18095 NCT03580616 TrialTroveID-297948,297948,Ii/Iii
Diagnostic; Prognostic,0,ANKH; INPP5D,L-Serine2013 NCT01835782 TrialTroveID-184975,184975,Iii
Predictive; Prognostic,0,CST7,G29007 jRCTs031180173 NCT03186040 TrialTroveID-303297 UMIN000027476,303297,Iii
,1,,2023-506805-20-00 AL001-CS-302 NCT06111014 TrialTroveID-490868,490868,Iii
Diagnostic; Prognostic,0,NEFL,AL001-ALS-201 NCT05053035 TrialTroveID-393792,393792,Ii
Diagnostic; Predictive; Predisposing; Prognostic,1,CDR1; GRN; insulin A1C; NEFL; RUNX1T1,135892 AL001-3 BASEC2020-01901 EudraCT Number: 2019-004066-18 INFRONT-3 NCT04374136 NL72487.078.20 SNCTP000004097 TrialTroveID-371125,371125,Iii
Diagnostic; Predictive; Predisposing; Prognostic,0,C1QB; CDR1; CTSD; GFAP; GRN; GSC; LAMP1; MAT1A; NEFL; RUNX1T1; SRPX; STS,AL001-2 EudraCT Number: 2019-000138-20 INFRONT INFRONT-2 NCT03987295 NL70050.078.19 TrialTroveID-351601,351601,Ii
Diagnostic; Predictive; Predisposing; Prognostic,0,CHIT1; CTSB; GPX1 A16A; GRN; NEFL; RBMS2; SGPP1; SOD2 A16A; SPP1; STS,AL001-1 INFRONT NCT03636204 TrialTroveID-330789,330789,I
,1,,LembN01 NCT06093126 TrialTroveID-489507,489507,Iv
Diagnostic; Predictive; Predisposing; Prognostic,0,CD34; cKIT; CXCR4; PECAM1; PROM1; THY1; TRIM37,EudraCT Number: 2005-003248-75 EudraCT-number 2005-03248-75 STEMALS STEMALS 01 TrialTroveID-087353,87353,Iii
Diagnostic; Predictive; Predisposing; Prognostic,1,ATP2C1; CCL5; MIP; TBX1; TNF,ALSummit ALSUMMIT HYUH-2018-09-025 KCT0005954 NCT04745299 NEURONATA-R_ALS301 TrialTroveID-393116,393116,Iii
Predictive; Prognostic,0,BBS2; KARS1,TrialTroveID-147469,147469,Ii
Diagnostic; Predictive; Prognostic,0,MSC,HYNR_CS_ALS201 NCT01363401 TrialTroveID-147370,147370,Iii
,1,,TrialTroveID-376264,376264,Iii
Diagnostic; Predictive; Predisposing; Prognostic,1,ACE; G6PD,EudraCT Number: 2011-005529-34 NCT01626378 NL41019.078.12 TrialTroveID-228848 TRx-237-007,228848,Iii
Predictive,1,OPN1MW,EudraCT Number: 2014-002013-37 NCT02245568 NL52155.078.15 NMRR-14-1486-23103 REec-2015-1385 TrialTroveID-217397 TRx-237-020 TRx-237-020 23103,217397,Iii
Diagnostic,0,CTSC; DCTN1,8380-06-3R0 NCT00324454 TrialTroveID-078777,78777,Ii
,1,,3119003 EudraCT Number: 2018-004180-31 NCT03948178 REFALS-ES TrialTroveID-342659,342659,Iii
Diagnostic; Predictive; Predisposing; Prognostic,1,GNAS; PDSS1; TBX1; TPO,134169 3119002 EudraCT Number: 2017-002754-36 NCT03505021 NL64706.041.18 REFALS TrialTroveID-322838,322838,Iii
Diagnostic; Predictive; Predisposing; Prognostic,0,albumin; ANG; GGT1; GNAS; NEFL,3119001 EudraCT Number: 2014-004567-21 LEVALS NCT02487407 TrialTroveID-261530 UKCRN ID: 18646,261530,Ii
,0,,CTR20202126 MP-2019-004 TrialTroveID-389004,389004,Ii
Diagnostic; Predictive; Prognostic,0,CD200,ALALS EudraCT Number: 2005-005152-40 TrialTroveID-109559,109559,Ii
,0,,TrialTroveID-261108,261108,Ii
,1,,EudraCT Number: 2008-006891-31 LICALS Extension TrialTroveID-137565 UKCRN ID: 9349,137565,Iv
Diagnostic; Predisposing; Prognostic,0,MIP; NR5A2,TrialTroveID-135873,135873,Ii
Diagnostic; Predictive; Predisposing; Prognostic,0,CD200; CDKN2B; MTOR; NXT1; SUB1,TrialTroveID-111253,111253,Ii
,0,,TrialTroveID-111182,111182,Ii
Diagnostic; Predisposing; Prognostic,0,ACE,2707/2009 EudraCT Number: 2009-010060-41 TrialTroveID-109390,109390,Ii
,1,SLA,2327/2007 EudraCT Number: 2008-001879-30 TrialTroveID-109383,109383,Iii
Prognostic,1,RPS16; SLA,EudraCT Number: 2008-001094-15 LitALS TrialTroveID-108793,108793,Iii
Diagnostic; Predictive; Predisposing; Prognostic,0,CDKN2A,TrialTroveID-107925,107925,Ii
Diagnostic,1,NT5C,6345 EudraCT Number: 2008-006891-31 ISRCTN83178718 LiCALS RAA/2008/013 TrialTroveID-104757 UKCRN ID 5745,104757,Iii
Predictive; Prognostic,0,DHDH,08-192 METC UMC Utrecht LITRA NTR1448 TrialTroveID-100377,100377,Ii
Predictive; Prognostic,0,DHDH,LTA-2-2008 LTA-2-2008 UMC Utrecht NTR1432 TrialTroveID-097749,97749,Ii
,1,FOLH1B,3U01NS049640-04S1 CRC LALS-001 NCT00818389 TrialTroveID-096325 U01NS049640,96325,Ii/Iii
Prognostic,0,RPS16,28.013 NCT00790582 TrialTroveID-091425,91425,Ii
,0,,TrialTroveID-121167,121167,Ii
Predictive,0,OPN1MW,EudraCT Number: 2008-003707-32 LISLA NCT00925847 P080401 TrialTroveID-110858,110858,Ii
Diagnostic; Predictive; Prognostic,0,CD200; MAG,TrialTroveID-096403,96403,Ii
,0,BOLL,CONACYT234154 NCT03204500 TrialTroveID-304621,304621,Ii
,0,,TrialTroveID-508358,508358,I
Diagnostic; Predisposing; Prognostic,0,CAST; CTSC; POLR1G; RHO; RND1,NCT02709330 TrialTroveID-274942,274942,Ii
Diagnostic; Predictive; Predisposing; Prognostic,0,CDR1; GRN; NCAPG2; NEFL; RUNX1T1,019511 EudraCT Number: 2019-003159-12 J4B-MC-OKAA NCT04408625 PROCLAIM PRV-FTD101 TrialTroveID-363569,363569,Iii
,0,,TrialTroveID-388278,388278,I
Diagnostic; Predictive; Predisposing; Prognostic,0,CD14; CRP; EHHADH; IFNG; LBP; TGFB1,IASO MPNS01 NCT05889572 TrialTroveID-458533,458533,I
Diagnostic; Predictive; Prognostic,0,CD200,EudraCT Number: 2014-002228-28 STEMALS-II TrialTroveID-217484,217484,Ii
Diagnostic; Predictive; Predisposing; Prognostic,1,ATP2C1; TBX1,AB14008 AB19001 CCR-20-90 EudraCT Number: 2019-001862-13 MOH_2017-07-09_000594 NCT03127267 NL71135.041.19 TrialTroveID-300123,300123,Iii
,0,,AB17001 EudraCT Number: 2017-001948-34 NCT05200169 QCL118054 TrialTroveID-316619,316619,I
Diagnostic; Predictive; Predisposing; Prognostic,1,ACTA1; ARHGEF7; CST3; DES; ENG; POMC; RIPK1; SPACA9; TBX1,AB10015 EudraCT Number: 2010-024423-24 MOH_2020-12-07_008659 NCT02588677 REec-2013-0211 TrialTroveID-181957,181957,Ii/Iii
Predictive,0,KEL,EudraCT Number: 2019-002315-26 MD1003CT201901HI NCT04252417 TrialTroveID-366994,366994,I
,0,,EudraCT Number: 2019-002315-26 MD1003CT2019602RI NCT04252430 TrialTroveID-366993,366993,I
Diagnostic; Predisposing; Prognostic,0,EIF3M; PGRMC1,MD1003CT2019-03MB NCT04223232 TrialTroveID-365234,365234,I
,0,,Eudract Number: 2019-003121-19 MD1003CT2019-04TQT2 NCT04168723 TQT2 TrialTroveID-361599,361599,I
Diagnostic; Prognostic,0,GGT1; MIP; SRCIN1,EudraCT Number: 2015-005810-31 MD1003-ALS MD1003CT2015-02-ALS NCT03114215 TrialTroveID-289178,289178,Ii
,0,,TrialTroveID-083026,83026,Ii
Diagnostic; Predictive; Predisposing; Prognostic,1,CD200; GSC; IGF1; insulin; MAT1A,IGF-1/ALS Trial NCT00035815 TrialTroveID-078710,78710,Iii
Predictive; Predisposing; Prognostic,1,SOD1,763 E0302-J081-763 JET-ALS JETALS NCT03548311 TrialTroveID-311980 UMIN000029588,311980,Iii
,1,,E0302-J081-762 JapicCTI-070434 NCT00445172 TrialTroveID-078774,78774,Ii/Iii
Diagnostic; Predictive; Predisposing; Prognostic,1,KRT5; KRT9; L1CAM; RPS10,E0302-J081-761 JapicCTI-070433 NCT00444613 TrialTroveID-078715,78715,Ii/Iii
,0,,E0302-J064-003 NCT03885882 TrialTroveID-345883,345883,I
,1,,ChiCTR1800016626 TrialTroveID-326456,326456,Iv
Predisposing; Prognostic,1,ADAMTS2,ChiCTR2300071719 TrialTroveID-470911,470911,Iv
Predictive; Predisposing; Prognostic,0,ADAMTS2; CDR1; DOCK3; RUNX1T1,TrialTroveID-315916,315916,Ii
,1,,Baycrest.Ebixa.FTD-001 Lundbeck 11627A NCT00594737,238709,Iii
Predisposing; Prognostic,1,ADAMTS2; CDR1; RUNX1T1,NAM-53:memantineplacebo NCT00545974 TrialTroveID-238316,238316,Iv
Predisposing; Prognostic,0,ADAMTS2,BRD 05/1-E NCT00200538,235151,Ii
Diagnostic; Predictive; Predisposing; Prognostic,0,ADAMTS2; CBS; NEFH,NCT02118727 TAME TAME-ALS TAME-ALS FD003937-01 TrialTroveID-207406,207406,Ii
,0,,EudraCT Number: 2005-004329-24 MEM-ALS/05 TrialTroveID-109620,109620,Ii
,0,ANKH,Memantine in ALS NCT01020331 TAME TrialTroveID-079841,79841,Ii
Diagnostic; Predisposing; Prognostic,0,ACE,1204 EB2006ALS NCT00409721 TrialTroveID-078838,78838,Ii
Diagnostic; Predictive; Predisposing; Prognostic,1,ADM; CD200; CDKN2A; PNP; S100A9,002-04 MEDALS NCT00353665 TrialTroveID-078800,78800,Ii/Iii
Diagnostic; Prognostic,1,GGT1; SFTPC; SRCIN1; UCN3,AC18082 EudraCT Number: 2019-000099-41 MND-SMART NCT04302870 TrialTroveID-360994,360994,Ii/Iii
Diagnostic; Predictive; Prognostic,1,MSC,TrialTroveID-277187,277187,Iv
,0,,ChiCTR1800017734 TrialTroveID-330370,330370,Iii
Diagnostic; Predictive; Prognostic,0,MSC,TrialTroveID-260001,260001,Iii
Diagnostic; Predictive; Prognostic,0,AKR1C1,NCT04220021 OCR20620 TrialTroveID-364983 UF2019-001,364983,Ii
,0,,TrialTroveID-339228,339228,Ii
Predisposing; Prognostic,0,ADAMTS2,EudraCT Number: 2005-005915-13 TrialTroveID-313456 TRx-014-002,313456,Ii
Predictive; Predisposing; Prognostic,0,CST7; PDSS1,Mexiletine-2 MX-ALS-002 NCT02781454 TrialTroveID-279460,279460,Ii
Predisposing,0,PDSS1,43708-A MX-ALS-001 NCT01849770 TrialTroveID-186024,186024,Ii
,1,,378164 NCT01811355 TrialTroveID-183284,183284,Iv
Predictive; Prognostic,0,CST7,TrialTroveID-154059 UMIN000006423,154059,Ii
Diagnostic; Predictive; Predisposing; Prognostic,0,NPC1; OGT; PICK1,03-EI-0011 030011 NCT00316498 TrialTroveID-236246,236246,I
Prognostic,1,PICK1,200802043M NCT01760564 TrialTroveID-229819,229819,Iii
Diagnostic; Predictive; Predisposing; Prognostic,0,ARHGEF7; CD40,TrialTroveID-121809,121809,Other
Predictive,1,OPN1MW,EMINALS ISRCTN72727460 TrialTroveID-079881,79881,Iii
Diagnostic; Predictive; Predisposing; Prognostic,1,ARHGEF7; CD40; DPT; SCD; TUFM,NCT00047723 R01NS45294 TrialTroveID-079057,79057,Iii
,0,,TrialTroveID-078907,78907,Ii
,0,,TrialTroveID-102300,102300,I
Diagnostic; Predisposing; Prognostic,1,ARHGEF2; EXOSC9; IL9; PSMD7,IRB5178 NCT00614926 TrialTroveID-080449,80449,Iv
Prognostic,0,ZMYM2,TrialTroveID-079830,79830,Ii
Diagnostic; Predictive; Predisposing; Prognostic,0,albumin; ASPRV1; CUX1; HCLS1; KHSRP; MPL; PSIP1; SOD1; TCF3; TNFRSF1B; VCP,MON-2023-001 NCT06177431 TrialTroveID-496830,496830,I
Diagnostic; Predictive; Predisposing; Prognostic,0,albumin; ASPRV1; CUX1; EIF4EBP1; HCLS1; KHSRP; MPL; NEFL; PSIP1; RPS6KB1; SOD1; TCF3; TNFRSF1B; VCP,MON-2021-001 NCT04894240 TrialTroveID-385362,385362,Iii
,1,,TrialTroveID-220888,220888,Iv
,0,,TrialTroveID-128316,128316,Ii
Predisposing; Prognostic,0,ADAMTS2,MP-101-01 NCT03044249 TrialTroveID-281496,281496,Ii
Diagnostic; Predictive; Predisposing; Prognostic,0,CD34; FABP7; FOXP3; JAK1,MRG24ALS NCT06315608 TrialTroveID-508439,508439,Ii
,0,,2022342 NCT04557410 TrialTroveID-384923,384923,I
Diagnostic; Predictive; Predisposing; Prognostic,0,NBN; ROS1; SOD1,TrialTroveID-121794,121794,Ii
Diagnostic; Predictive; Prognostic,0,ABRA; DDC; LIME1; STAR,CTR20240913 TrialTroveID-513758 YYAA1-BLZ-24008,513758,I
Diagnostic; Predisposing; Prognostic,0,ELANE; WASPA,AgiNab Nabilone-FTD NCT05742698 TrialTroveID-460012,460012,Ii
Diagnostic,1,CTSC,CANALS EudraCT Number: 2010-022808-40 NCT01776970 TrialTroveID-181182,181182,Ii/Iii
,1,,TrialTroveID-294461,294461,Iv
,0,,ChiCTR2400083114 CTR20240243 SRKL-ALS-Ⅱ-2023 TrialTroveID-502302,502302,Ii
Diagnostic; Predictive; Predisposing; Prognostic,0,CD4; CD8A,ChiCTR2300077387 TrialTroveID-491734,491734,I
,1,,ChiCTR2300068650 TrialTroveID-460826,460826,Iv
Predictive; Prognostic,0,DOCK3; RASA1,CTRI/2022/12/047965 TrialTroveID-451102,451102,Ii
Diagnostic; Predictive; Predisposing; Prognostic,0,CRP,032-2017 NCT05031351 NIALS TrialTroveID-412810,412810,Ii
Diagnostic; Prognostic,0,GGT1,CTR20202518 D2020076 NCT04950933 TrialTroveID-397296 Z-HLSJ-GR-2020-KCYY-01,397296,Ii
,1,,ChiCTR2000037353 TrialTroveID-383507,383507,Iv
Diagnostic; Prognostic,0,GGT1; LIMS1,CTR20192373 CTR20200929 TrialTroveID-379874 Z-HLSJ-GR-2019-KCYY-01,379874,Ii
,0,,0015-14-CMC ALS-PHL NCT02588807 TrialTroveID-266962,266962,I
,0,,ChiCTR-IOR-14005674 TrialTroveID-255509,255509,Ii
Predictive; Prognostic,0,CST7,NCT00753571 PUTH-1 TrialTroveID-097484,97484,Ii
,0,,TrialTroveID-080362,80362,Ii
Predictive; Predisposing; Prognostic,0,CYP3A4,ACTRN12623000476639 CL-4746-23-01 TrialTroveID-471337,471337,I
,1,,TrialTroveID-148984,148984,Ii/Iii
Diagnostic; Predictive; Prognostic,1,CST3; CST7; NEFL; NGF,HX-A-2023027 NATURAL NCT06391645,514860,Ii/Iii
,0,,TrialTroveID-373815,373815,Ii
Diagnostic; Predictive; Predisposing; Prognostic,0,CRP; DES; GGT1; insulin; TBL1X,2017-A00416-47 C16-87 ECOCAPTURE NCT03272230,308450,Other
Diagnostic; Predictive; Predisposing; Prognostic,0,CBS; CRP; GAN; GRN; STAB2,CHR12-09098 NCT01835665 TrialTroveID-245133,245133,I
,0,,D2020109 NCT04950647 TrialTroveID-408143,408143,Ii
Diagnostic; Predictive; Prognostic,0,CBS; NEFL,23-011476 NCT06392126,514876,Iii
Diagnostic; Predictive; Predisposing; Prognostic,0,HGF,TrialTroveID-355173,355173,I
,0,,TrialTroveID-254932,254932,I
Diagnostic; Predictive; Predisposing; Prognostic,0,insulin; OTOS,A18-305 NCT04115384 TrialTroveID-358557,358557,Ii
,0,,TrialTroveID-264899,264899,Ii
,1,,TrialTroveID-260821,260821,Iii
Diagnostic; Predictive; Predisposing; Prognostic,0,CRP; NCL,20160522 NCT02794857 NP001-10-003 TrialTroveID-176786,176786,Ii
Diagnostic; Predictive; Predisposing; Prognostic,0,CD163; CRP; CYTL1; EGF; EHHADH; HGF; LBP; SYNE1; TGFB1; TNF,NCT01281631 NP001-10-002 TrialTroveID-141255,141255,Ii
Diagnostic; Predictive; Predisposing; Prognostic,0,CD14; EPO; FCGR3A; G6PD,NCT01091142 NP001 Single Dose - ALS TrialTroveID-124600,124600,I
,0,,TrialTroveID-432126,432126,I
,0,,TrialTroveID-365379,365379,I
Diagnostic; Prognostic,0,ACTA1,NCT03954600 NPT520-34-001 TrialTroveID-349330,349330,I
Diagnostic; Predictive; Predisposing; Prognostic,0,STS; TAFA5,NCT05143463 NS101_P1_01 TrialTroveID-419841,419841,I
,1,,TrialTroveID-371996,371996,Iii
,0,,TrialTroveID-254064,254064,Ii
Predictive,0,insulin A1C,NCT01730716 NS2012-3 TrialTroveID-180626,180626,Ii
,0,,TrialTroveID-168164,168164,Iii
Diagnostic; Predictive; Prognostic,0,ATP2C1; insulin A1C; NPS; RBFOX3; SOX2; SYNE1,NCT01348451 NS2008-1 Study No.: 00020318 TrialTroveID-102165,102165,I
Diagnostic; Prognostic,1,CTSC; PICALM,0120-293/2019/8/1 NCT04825119 TrialTroveID-400683,400683,Iv
Diagnostic; Predictive; Prognostic,1,GFAP; GPNMB; NEFL; SNAP25,LIPCAL-ALS II 1.1 NCT06280079 TrialTroveID-506213,506213,Iv
Diagnostic; Predictive; Prognostic,0,CDK5R2; S100A6,2009-P-001132 MDA136152 NCT00983983 TrialTroveID-116123,116123,Ii
,1,,LIPCAL-ALS study TrialTroveID-365911,365911,Iv
Diagnostic; Predictive; Predisposing; Prognostic,0,albumin; NEFL; TBX1,AXO-CLI-210c-03 EUCT number: 2023-508895-13-00 NCT06365216 SEALS TrialtroveID-512705,512705,Ii
Diagnostic; Predisposing; Prognostic,1,CYP1A2; GGT1; PDLIM4,NCT00876772 OLN-ALS01 TrialTroveID-106947,106947,Ii/Iii
,1,,DeNDRoN 035ext EudraCT Number: 2010-021179-10 NCT01285583 TrialTroveID-141399 TRO19622 CL E Q 1425-1 TRO19622 OLE TRO19622CLEQ1425 UKCRN ID: 10407 WN29852,141399,Ii/Iii
,0,,TrialTroveID-122013,122013,I
Diagnostic; Predictive; Prognostic,1,S100A6,DeNDRoN 035 DeNDRoN 035 (Trophos CL E Q 1015-1) EudraCT Number: 2008-007320-25 MITOTARGET MREC N° : 09/H0706/47 NCT00868166 TrialTroveID-080568 TRO19622 CL E Q 1015-1 Trophos CL E Q 1015-1 UKCRN ID: 6706 WN29853,80568,Ii/Iii
Prognostic,0,TM9SF2; TRO,TrialTroveID-080017,80017,I
Diagnostic; Prognostic,0,PICK1; PITX3; SMPD1,NCT00410566 SPHINGO00605 TrialTroveID-237122,237122,I
Diagnostic; Predictive; Predisposing; Prognostic,0,CYP1A2; CYP3A4; FOLH1B; MNDA,CTCH346A2211 NCT00072709 TCH346A2211 TrialTroveID-079099,79099,Ii
,0,,CTCH346A2211E1 EudraCT Number: 2004-002855-15 NCT00230074 TCH346A2211E1 TrialTroveID-078690,78690,Ii
,0,,2010.607/11 ALS-TOX NCT01551940 TrialTroveID-163934,163934,Ii
,1,,TrialTroveID-152703,152703,Iv
Diagnostic; Prognostic,1,ACTA1,TrialTroveID-140851,140851,Iv
,1,,TrialTroveID-079862,79862,Iv
Diagnostic; Prognostic,1,PPP1R12A,132998 EudraCT Number: 2007-003017-14 TrialTroveID-169479,169479,Iv
Diagnostic; Predisposing; Prognostic,0,COIL,EudraCT Number: 2004-002912-27 ONO-2506PO E011 TrialTroveID-336561,336561,Ii
,0,,EudraCT Number: 2007-004723-37 NCT00694941 ONO-2506POE015 TrialTroveID-091503,91503,Ii
,0,,2506PO/EU0106 N0059122206 TrialTroveID-079013,79013,Ii
Diagnostic; Predictive; Prognostic,0,CD200; S100B,EudraCT Number: 2006-002660-26 NCT00403104 NL15677.041.06 ONO-2506POE014 SIRONA TrialTroveID-078967,78967,Ii
,0,,TrialTroveID-279278 UMIN000022050,279278,Ii
Predictive,0,insulin A1C,JPRN-UMIN000007062 TrialTroveID-149387 UMIN000007062,149387,I
Diagnostic; Predisposing; Prognostic,1,ACE; HNRNPA1; SCGB1A1,ACTRN12618001807246 TrialTroveID-336701 U1111-1218-4356,336701,Iii
,0,,FTDOXY13EF IEMO NCT01937013 R-13-270 TrialTroveID-231106,231106,Ii
Predisposing; Prognostic,0,ADAMTS2; CDR1; PICK1; RUNX1T1,FOXY FTDOXY17EF NCT03260920 TrialTroveID-307719,307719,Ii
Prognostic,0,TPSG1,EudraCT Number: 2018-000143-12 ORBIS-DE-UNIBO001 TrialTroveID-473607,473607,Ii
,0,,17783 FTDOXY10EF NCT01386333 R-11-232 TrialTroveID-226952,226952,I
Prognostic,0,ATP2C1; NOG,112 264 112264 DeNDRoN 083 GSK EudraCT Number: 2012-003349-13 JapicCTI-132047 NCT01753076 NL42366.041.12 NOG112264 TrialTroveID-159001 UKCRN ID: 12921,159001,Ii
Diagnostic; Predictive; Prognostic,0,CD200; NCBP1,111330 DeNDRoN 036 EudraCT Number: 2008-005040-16 FTIH NOG111330 MREC N°: 09/H0804/1 NCT00875446 NOG111330 NOGO-A NOGO111330 TrialTroveID-106808 UKCRN ID: 6600,106808,Iii
Diagnostic; Predictive; Predisposing; Prognostic,0,APP; CDR1; DOCK3; GFAP; GRN; HELLS; NEFL; PSEN1; PSEN2; RUNX1T1,EudraCT Number: 2020-004499-17 FTD-GRN NCT04747431 PBFT02-001 TrialTroveID-374688 upliFT-D,374688,Iii
Predictive; Prognostic,0,CST7,LCKY2016-58 NCT03085706,298030,(N/A)
Diagnostic; Predisposing; Prognostic,0,ACE; ADAMTS2; CDR1; RUNX1T1,NCT04489017 PEA-FTD SPE.107 TrialTroveID-380926,380926,Ii
Diagnostic; Predictive; Predisposing; Prognostic,0,ATP2C1; TBX1,APL2-ALS-206 EudraCT Number: 2019-003797-10 jRCT2031230170 MERIDIAN NCT04579666 NL74696.041.20 TrialTroveID-386281,386281,Ii
,0,,N0059115937 TrialTroveID-079170,79170,Ii
,0,,IM.JS.03 NCT03377309 TrialTroveID-314973,314973,Ii
,0,,TrialTroveID-297732 UMIN000026221,297732,I
,1,,Eisai-01 NCT03020797 TrialTroveID-294165,294165,Iv
,0,,A2016-J000-001 NCT03019419 TrialTroveID-294056 UMIN000025614,294056,Ii
,0,,17-002396 NCT03793868 TrialTroveID-340225,340225,I
Diagnostic; Predictive; Predisposing; Prognostic,0,ATP2C1; MIP; SOD1; ZMYM2,202208170 NCT05725759 TrialTroveID-459178,459178,Ii
Diagnostic; Prognostic,1,ASL; CRX; RPGR,212028 NCT05357612 TrialTroveID-431238,431238,Iv
Diagnostic; Predictive; Predisposing; Prognostic,1,BMP1; CFB; PDP1; PIM1; PLEK; PRCP; TPO; USE1; WASPA,ACP-103-046 EudraCT Number: 2017-003536-36 NCT03575052 PMC 3069-2 Study 046 TrialTroveID-327273,327273,Iii
Diagnostic; Predictive; Predisposing; Prognostic,1,BMP1; CBS; CFB; CKAP2; DENR; insulin A1C; MMP2; PDP1; PRCP; SKAP2; TPO; WASPA,ACP-103-045 EudraCT Number: 2017-002227-13 HARMONY NCT03325556 TrialTroveID-301631,301631,Iii
,1,,ACP-103-047 EudraCT Number: 2017-004439-36 NCT03623321 TrialTroveID-330120,330120,Iii
Diagnostic; Predictive; Predisposing; Prognostic,0,CD200; CYP2D6,NCT03272503 Pimozide2 Pimozide2_ALS-002 TrialTroveID-308441,308441,Ii
,0,,NCT02463825 PIMOZIDE_ALS-001 REB14-0617 TrialTroveID-259065,259065,Ii
Diagnostic; Predictive; Prognostic,0,CXCL17; DYM; OPN1MW; TRIM8,EudraCT Number: 2006-005410-13 FARM7MFFEB GERP ALS NCT00690118 TrialTroveID-091599,91599,Ii
,0,,TrialTroveID-313547 UMIN000016008,313547,Ii
Diagnostic; Predisposing; Prognostic,0,PDSS1; PLG,CA-18-08 ISRCTN13974483 TrialTroveID-464630,464630,I
Diagnostic; Predictive; Predisposing; Prognostic,0,CST3; FEV; TBX1,APOCT-001 EudraCT Number: 2012-002099-15 TrialTroveID-217137,217137,Ii
,0,,TrialTroveID-211260,211260,I
,0,,NCT06005506 NM102_SPATIALS3 sPATIALS3 TrialTroveID-482616,482616,Ii
Diagnostic; Predictive; Predisposing; Prognostic,0,ATP2C1; FOXP3; PDSS1,2013P000981 NCT01884571 NIP-ALS-2013 NIPALS2013 TrialTroveID-188964,188964,Ii
,1,,TrialTroveID-513721,513721,Iii
,1,,EAP 2 NCT06069934 PL101-ALS501 TrialTroveID-487837,487837,Iv
Diagnostic; Predictive; Predisposing; Prognostic,1,ATP2C1; FAS,2019P003518D HEALEY ALS Platform Trial - Regimen D NCT04615923 TrialTroveID-388613,388613,Ii/Iii
Diagnostic; Prognostic,1,ATP2C1; NEFL,2019P003518 CCR-20-43 Healey ALS Platform Trial NCT04297683 TrialTroveID-358229,358229,Ii/Iii
Diagnostic; Predictive; Predisposing; Prognostic,0,RIPK1,ChiCTR2200058224 TrialTroveID-430014,430014,Ii
,0,,ChiCTR2100045741 TrialTroveID-402290,402290,Ii
,0,,5027513 NCT05279755 PRO-101 TrialTroveID-427532,427532,I
Diagnostic; Predictive; Prognostic,0,CBS; NEFL,2024-11453 NCT06051123 PROBIO_HA114 TrialTroveID-486787,486787,Ii
,1,,AIHG-2017.004-ALS NCT03324399 TrialTroveID-311856,311856,Iv
,0,,2097152 NCT06066710,487672,I
,0,,TrialTroveID-079599,79599,Ii
,0,,TrialTroveID-079588,79588,I
Diagnostic; Predictive; Predisposing; Prognostic,0,MMP2; SOD1,0903010259 EudraCT Number: 2011-004798-99 NCT01083667 TrialTroveID-123945,123945,Iii
Predictive; Predisposing; Prognostic,0,SOD1,TrialTroveID-087390,87390,Ii
Predictive; Predisposing; Prognostic,0,SOD1,740 TrialTroveID-080417,80417,Ii
Diagnostic; Predictive; Predisposing; Prognostic,0,CA1; ERBB2; PAM; PIK3CD; PIK3CG,QRL-101-02 TrialTroveID-501748,501748,I
,0,,EudraCT Number: 2022-002484-30 NCT05667779 QRL-101-01 TrialTroveID-394416,394416,I
Diagnostic; Predictive; Predisposing; Prognostic,0,ATP2C1; FUS; SOD1,ANQUR NCT05633459 QRL-201-01 TrialTroveID-414440,414440,I
Prognostic,0,PPP4C,13023 NCT00600873 TrialTroveID-082481,82481,Iii
Prognostic,0,PPP4C,12316 NCT00596115 TrialTroveID-082468,82468,Iii
,0,,11736 Futility Study NCT00140218 TrialTroveID-078793,78793,Iii
Prognostic,0,BTN1A1,TrialTroveID-121605,121605,Ii
Diagnostic; Predictive; Predisposing; Prognostic,0,CARD8; CD200; SOD1,HX-A-2023004 NCT05903690 TrialTroveID-473953,473953,I
Diagnostic; Predictive; Predisposing; Prognostic,0,ACE; DMD; PAX5,A031-02 NCT00952887 TrialTroveID-113404,113404,I
Diagnostic; Predictive; Predisposing; Prognostic,0,ACE; DMD; LEP; PAX5,A031-01 NCT00755638 TrialTroveID-099252,99252,I
Prognostic,0,PPIF,NCT03472950 STUDY00141491 TrialTroveID-320844,320844,Ii
,0,,NCT06169176 RAPA-501-ALS Expanded Access TrialTroveID-495926,495926,Ii
Diagnostic; Predictive; Predisposing; Prognostic,1,ENTPD1; FOXP3; NELFCD; NT5E; TNF,NCT04220190 RAPA-501-ALS TrialTroveID-364979,364979,Ii/Iii
Diagnostic; Predictive; Predisposing; Prognostic,0,DRD2; OPN1MW,Eudract Number: 2011-004482-32 NCT01879241 RAS-ALS TrialTroveID-188612,188612,Ii
Diagnostic; Prognostic,0,NEFL,12312 NCT01786603 TrialTroveID-181697,181697,Ii
Diagnostic; Predictive; Predisposing; Prognostic,0,BAX; CDKN2A,11922 NCT01232738 TrialTroveID-137311,137311,Ii
Diagnostic; Predictive; Predisposing; Prognostic,1,ATP2C1; NEFL; PDSS1; TBX1,145660 ALXN1210-ALS-308 CHAMPION-ALS EudraCT Number: 2019-004619-30 JapicCTI-205395 jRCT2080225299 MOH_2020-11-09_009024 NCT04248465 NL72466.056.20 SNCTP000004075 TrialTroveID-365466,365466,Iii
,0,,TrialTroveID-330489,330489,Ii
,0,,TrialTroveID-215210,215210,I
Diagnostic; Predisposing; Prognostic,0,EPHB2,EudraCT Number: 2013-003335-29 NCT02016742 RDC5-1-01 TrialTroveID-199562,199562,I
Diagnostic; Predictive; Predisposing; Prognostic,1,CYP3A4; POU2F1; POU2F2; SLC22A1,COURAGE OLE COURAGE-ALS OLE CY 5032 CY5032 EudraCT Number: 2021-004727-33 NCT05442775 TrialTroveID-436214,436214,Iii
Diagnostic; Prognostic,1,ATP2C1; CXCL17; DYM,CCR-20-145 COURAGE-ALS CY 5031 CY5031 EudraCT Number: 2020-004040-29 NCT04944784 NL77133.041.21 SNCTP000004651 TrialTroveID-369035,369035,Iii
Diagnostic; Predictive; Predisposing; Prognostic,0,ATP2C1; CST3; CYP3A4; FAS; GPANK1; POU2F1; POU2F2; SLC22A1,CY 5022 EudraCT Number: 2018-000586-37 FORTITUDE-ALS NCT03160898 NL65920.041.18 TrialTroveID-296218,296218,Ii
Diagnostic; Predictive; Predisposing; Prognostic,0,HPA1S; TNF,EudraCT Number: 2020-005143-23 NCT04654689 TrialTroveID-390990 UCV/2020-2021/018,390990,Ii
,0,,TrialTroveID-107545,107545,I
,0,,BASEC2020-01406 NCT04819438 SNCTP000004338 TrialTroveID-400359 Z7251J01,400359,I
,1,,TrialTroveID-374406,374406,Iv
,1,ITK,TrialTroveID-220907,220907,Iv
,1,,TrialTroveID-171267,171267,Iv
Predictive; Predisposing; Prognostic,1,MTR,TrialTroveID-125254,125254,Iv
Diagnostic; Prognostic,0,CANX; CTSC,TrialTroveID-122005,122005,Other
,1,,CARE NCT00542412 RIL_CA1_401 RP54274/CA1.401 TrialTroveID-078766,78766,Iv
,1,,2020-375 NCT04518540 TrialTroveID-382354,382354,Iv
Diagnostic; Predictive; Prognostic,0,NEFL; OPN1MW,KETO-ALS KETO-ALS V 1.41 NCT04820478 TrialTroveID-400961,400961,Ii
Diagnostic; Predictive; Predisposing; Prognostic,0,albumin; BAG1; BAG3; CCL2; CTSC; FUS; GTF2H1; HSF1; HSPB8; IL17A; IL18; KHDRBS1; MAP1LC3A; OPTN; SOD1; SQSTM1; TARDBP; TFEB,Co-ALS EudraCT Number: 2017-004459-21 NCT03693781 TrialTroveID-333946,333946,Ii
,1,,TrialTroveID-133693,133693,Iii
,1,,TrialTroveID-294459,294459,Iv
Diagnostic; Predictive; Predisposing; Prognostic,0,CD200; CRP; HPA1S; TNF,EudraCT Number: 2021-001989-38 IMCRELA TrialTroveID-408677,408677,Ii
Predictive; Predisposing; Prognostic,0,OPN1MW; RHO; RND1; SOD1,00013948 01742 BASEC2018-02001 DRKS00013948 EudraCT Number: 2017-003676-31 NCT03792490 ROCK-ALS SNCTP000003245 TrialTroveID-340147,340147,Ii
,1,,IRCT20190324043105N1 Isfahan ALS Registery NCT03272802 TrialTroveID-308554,308554,Ii/Iii
Diagnostic; Predictive; Prognostic,1,CD200; CST7,3314 NCT02645461 TrialTroveID-270826,270826,Iii
Predictive; Prognostic,0,CST7,CHDR1417 EudraCT Number: 2015-001431-20 NL53042.056.15 NTR6278 TrialTroveID-263701,263701,I
Diagnostic; Predictive; Predisposing; Prognostic,0,ADM; CD34; ITGBL1; TNF,TrialTroveID-205567,205567,Ii
Diagnostic; Predictive; Prognostic,1,CD200,EudraCT Number: 2008-006722-34 SLA_Litio TrialTroveID-110113,110113,Iii
Diagnostic; Predisposing; Prognostic,0,CTSC; SMN1,HP_MECASIN-02 KCT0003792 TrialTroveID-364650,364650,Ii
Diagnostic; Predictive; Prognostic,0,CD200,2016/5-1 KCT0001984 TrialTroveID-288935,288935,Ii
,0,,NCT04454840 PUTH2017118 TrialTroveID-378475,378475,I
Diagnostic; Predisposing; Prognostic,0,CYP1A2,17MO1R-0012 NCT03679975 TrialTroveID-333447,333447,Ii
Diagnostic; Predisposing; Prognostic,0,CYP1A2,17MO1R-0016 NCT03457753 TrialTroveID-320012,320012,Ii
,1,,BHV0223-401 NCT03537807 TrialTroveID-325007,325007,Iii
,0,,BHV0223-103 NCT03520517 TrialTroveID-323953,323953,I
,0,,TrialTroveID-273966,273966,I
,0,,BHV223-101 TrialTroveID-254299,254299,I
,0,,CTR20230637 LLZ-BE-202301 TrialTroveID-461741,461741,I
,0,,BT-XYL-T-BE01 CTR20212516 TrialTroveID-419924,419924,I
,0,,TrialTroveID-294455,294455,Ii
,1,,TrialTroveID-374396,374396,Iv
,1,,TrialTroveID-080389,80389,Iv
,1,,BB-IND 11090 NCT00125203 TrialTroveID-078863,78863,Ii/Iii
,0,,TrialTroveID-115413,115413,Ii
,0,,ABCD DRKS00030948 EUCT Number: 2022-502743-35-00 RituxALS01 TrialTroveID-488284,488284,Ii
Diagnostic; Predictive; Predisposing; Prognostic,0,FOXP3; IL2RA; ISG20; MARCHF1; NEFL,EudraCT Number: 2016-002382-62 NCT03456882 RNS60 RNS60-ALS TrialTroveID-297026,297026,Ii
,0,,06.2.1.H6 NCT02988297 TrialTroveID-292121,292121,Ii
,0,,TrialTroveID-423266,423266,Ii
Diagnostic; Predictive; Predisposing; Prognostic,0,DPT; FOXP3; MARCHF1; TSPO,NCT02525471 RNS60-01 TrialTroveID-263140,263140,I
Diagnostic; Predictive; Predisposing; Prognostic,0,FEV; LIMS1; SOD1; TBX1; TPO,JMA-IIA00397 jRCT2091220397 ROPALS trial TrialTroveID-339079 UMIN000034954,339079,Iii
Diagnostic; Predisposing; Prognostic,0,ACE; ADAMTS2; CDR1; GABRQ; HSPG2; RUNX1T1,EudraCT Number: 2019-002997-30 NCT04937452 TrialTroveID-407255,407255,Ii
,0,,TrialTroveID-120002,120002,Ii
,0,,TrialTroveID-119994,119994,Ii
Diagnostic; Predictive; Predisposing; Prognostic,0,C1QBP; CD8A,APHP190724 EUCT number: 2022-501624-14-00 NCT05860244 TrialTroveID-469676 WALKALS,469676,Ii
,0,,TrialTroveID-507499,507499,I
Diagnostic; Predictive; Predisposing; Prognostic,0,CYP3A4; PRL; REN,EudraCT Number: 2008-001627-65 NL23897.056.08 TrialTroveID-104996,104996,I
Diagnostic; Predictive; Prognostic,0,SFN,NCT00748501 SB-509-0801 SB-509-801 TrialTroveID-080566,80566,Ii
,0,,TrialTroveID-389934,389934,Ii
Prognostic,0,PSPH,TrialTroveID-365692,365692,I
Diagnostic; Predictive; Predisposing; Prognostic,1,androgen receptor; NBN,TrialTroveID-220908,220908,Iv
,0,,TrialTroveID-199178 UMIN000012570,199178,I
,1,,SCOPOLA-D TrialTroveID-193085 UMIN000011494,193085,Iv
Diagnostic; Predictive; Predisposing; Prognostic,0,CC2D1A; NPC1,jRCT2031210612 TrialTroveID-460208,460208,Iii
Diagnostic,0,CTSC,AAAT0610 NCT04998305 TrialTroveID-410978,410978,Iii
Predictive; Predisposing; Prognostic,0,SOD1,EudraCT Number: 2016-002399-28 NCT03359538 RAP-ALS TrialTroveID-313795,313795,Ii
,0,,TrialTroveID-501284,501284,I
Diagnostic; Prognostic,0,SEPTIN9,0015 NCT00107770 TrialTroveID-078808,78808,Iii
,0,,TrialTroveID-507036,507036,I
,0,,PMR 4346-7 TrialTroveID-505764,505764,I
Predisposing,1,PDSS1,A35-011 EudraCT Number:2022-002348-33 NCT05619783 PHOENIX TrialTroveID-448068,448068,Iii
Predisposing,1,PDSS1,A35-006 NCT05286372 TrialTroveID-427740,427740,Iv
Predictive; Predisposing; Prognostic,0,PDSS1; TPT1,A35-005 NCT04987671 TrialTroveID-410485,410485,Iii
Predisposing,1,PDSS1,A35- 004 PHOENIX A35-004 EudraCT Number: 2021-000250-26 NCT05021536 NL78255.100.21 PHOENIX TrialTroveID-401791,401791,Iii
Predisposing,1,PDSS1,A35-003 NCT04516096 TrialTroveID-382605,382605,Ii/Iii
Diagnostic; Predictive; Prognostic,0,CXCL10; FOLH1B; GALE; SRPX,AMX-3500-OLE CENTAUR-OLE NCT03488524 TrialTroveID-321850,321850,Ii
Diagnostic; Predictive; Predisposing; Prognostic,1,ALS2; BMPR2; CHIT1; CNTRL; CRP; CXCL10; EREG; FOLH1B; GALE; HADHA; NEFL; PDSS1; PRAC1; SRPX; TIMM8A; TSPO,AMX-3500 CENTAUR CENTAUR ALS NCT03127514 TrialTroveID-282879,282879,Ii/Iii
,0,,TrialTroveID-090292,90292,I
Diagnostic; Predisposing; Prognostic,0,ACE; NEFL; NPPA,ACTRN12620000236998 SEL002 TrialTroveID-369700 U1111-1248-2724,369700,Ii
Diagnostic; Predictive; Prognostic,0,CBS,ACTRN12617001218381 SEL001 TrialTroveID-314139,314139,Iii
Diagnostic; Prognostic,1,NOLC1; RBL2; TENT4A,04/182-0 NCT00136110 TrialTroveID-079100,79100,Iii
,0,,TrialTroveID-480959,480959,I
Diagnostic; Predictive; Predisposing; Prognostic,0,GHRH; IGF1; insulin,FARM53XBKT NCT00635960 SLA_GH_1 TrialTroveID-086066,86066,Ii
Diagnostic; Predictive; Predisposing; Prognostic,0,CYP2C8; DCLK3; MMRN1; TSPO,CBLZ945C12201 EudraCT Number: 2019-000826-22 NCT04066244 TrialTroveID-355943,355943,Ii
Predisposing; Prognostic,0,ADAMTS2,TrialTroveID-315798,315798,Ii
,0,,TrialTroveID-184617,184617,I
Diagnostic; Predisposing; Prognostic,1,CIT; ENPEP,AOM 07225 DOSERAL NCT01160263 P080402,225247,Iii
,0,,NCT05882695 SPG302-ALS-001 TrialTroveID-405962,405962,I
,0,,TrialTroveID-495558,495558,I
,0,,NCT01984814 NGBSI-04,231463,Ii
Diagnostic; Predictive; Predisposing; Prognostic,1,FAS,TrialTroveID-182938,182938,Iv
Prognostic,0,SYN2,TrialTroveID-283348,283348,I
Diagnostic; Predisposing; Prognostic,0,AGO2,ALS-TAL-201-OL ALSTAR OL NCT00982150 TrialTroveID-115972,115972,Ii
,0,,NCT00964730 R09-0539 TAL-TQT-101 TrialTroveID-114416,114416,I
Diagnostic; Predisposing; Prognostic,0,NAT2,NCT00868361 TAL-MB-100 TrialTroveID-106544,106544,I
Prognostic,0,RHBDF2,AL-STAR201 ALS-TAL-201 ALS-TAL-201 (ALSTAR) ALSTAR EudraCT Number: 2008-002062-62 NCT00696332 TrialTroveID-080706,80706,Ii
,0,FOLH1B,TrialTroveID-080705,80705,Ii
,0,,TrialTroveID-405146,405146,I
Diagnostic; Predictive; Predisposing; Prognostic,0,DOCK3; LUM,BASEC2021-01141 NCT04976127 NEON SNCTP000004631 TLN/PD/1 TrialTroveID-387494,387494,I
Diagnostic; Predictive; Predisposing; Prognostic,0,insulin,2000-486 NCT00214110 TrialTroveID-079072,79072,Ii
Diagnostic; Predictive; Predisposing; Prognostic,0,ATP2C1; PORCN; UBR5; USO1,NCT01257581 SDALS-001 TrialTroveID-139062,139062,Ii
Diagnostic; Predictive; Predisposing; Prognostic,0,FUS; SOD1,201306028 TrialTroveID-260538,260538,Ii
Predisposing; Prognostic,0,FEV,201307022 NCT02166944 TrialTroveID-211170,211170,Iii
,1,,H2020/755094/2017/OLE NCT05753852 TrialTroveID-460915 TUDCA-ALS OLE,460915,Iii
Diagnostic; Predictive; Predisposing; Prognostic,1,CARD8; CD200,EudraCT Number: 2018-002722-22 H2020/755094/2017/IT-01 NCT03800524 NL69414.041.19 TrialTroveID-327506 TUDCA-ALS,327506,Iii
Diagnostic; Predictive; Prognostic,0,CD200,EudraCT Number: 2007-001592-10 NCT00877604 TrialTroveID-107044 TUDCA 20071 TUDCA-ALS TUDCA200701,107044,Ii
,1,,ChiCTR2100054894 TrialTroveID-421812,421812,Iv
,0,,CTCH346 0102 NCT00036413,224775,Ii
,0,,2103570362 NCT04920318 PPA,435690,Other
Diagnostic; Predictive; Predisposing; Prognostic,0,AGER; CCL2; CD40; CRP; CXCL10; CXCL13; CXCL9; MOK; NEFL; TNF,AT-1501-A201 NCT04322149 TrialTroveID-370517,370517,Ii
Diagnostic; Predictive; Prognostic,0,CXCL10; CXCL9,TrialTroveID-321213,321213,I
Diagnostic; Predictive; Predisposing; Prognostic,0,CST3; HGF; NEFL; S100B; VEGFA,EudraCT Number: 2012-005034-11 NCT02269436 NL51030.041.14 sNN0029-004 TrialTroveID-219300,219300,I
,0,,EudraCT Number: 2012-001026-10 NCT01999803 NL45580.041.13 sNN0029-003 TrialTroveID-182767,182767,Iii
Diagnostic; Predictive; Predisposing; Prognostic,0,VEGFA,NCT01384162 sNN0029-002 TrialTroveID-148779,148779,Iii
,1,,TrialTroveID-119257,119257,Ii/Iii
Diagnostic; Predictive; Predisposing; Prognostic,0,VEGFA,NCT00800501 sNN0029-001 TrialTroveID-101532,101532,Iii
Diagnostic; Predictive; Prognostic,0,NEFH; NEFL; PGK1; TTN,15775 301752 CPMS 51286 EudraCT number: 2021-003345-38 ISRCTN45028842 PID 15775 TrialTroveID-422412 TRUST,422412,I
,0,,199/11792 NCT00004771 OSU-92H0325,224330,Ii
,0,,ChiCTR2000039689 TrialTroveID-388768,388768,Ii
Diagnostic; Predictive; Predisposing; Prognostic,0,BTN1A1; TNF,ALS-001 NCT00140452 TrialTroveID-078850,78850,Ii
,0,,NCT00231140 THL-ALS01 TrialTroveID-078683,78683,Ii
Diagnostic; Predictive; Predisposing; Prognostic,0,FUS; OPN1MW; SOD1,NCT05105958 TIDALS TIDALS_01 TrialTroveID-417476,417476,Ii
Diagnostic; Prognostic,0,ATP2C1; SRCIN1,CY 4021 NCT01089010 TrialTroveID-122346,122346,Ii
,0,,CY 4012 TrialTroveID-118382,118382,I
,0,,CY 4011 TrialTroveID-108007,108007,I
Predisposing,1,PDSS1,20160683 CY 4033 EudraCT Number: 2016-002629-13 F17004 NCT02936635 NL59871.041.17 TrialTroveID-284709 VIGOR-ALS VITALITY-ALS- EXT,284709,Iii
Diagnostic; Predictive; Predisposing; Prognostic,1,C1QTNF3; DSP; GSC; MAT1A; ME3; PCLAF; PDSS1; RPL5; SRCIN1,20150619 CY 4031 EudraCT Number: 2014-005413-23 NCT02496767 NL54137.041.15 REec-2016-2095 TrialTroveID-261308 VITALITY-ALS,261308,Iii
Diagnostic; Predisposing; Prognostic,0,ATP2C1; PDSS1; SRCIN1,BENEFIT-ALS C_FN_Cyto 4026 CY 4026 CY4026 DeNDRoN 098 EudraCT Number: 2012-004987-23 NCT01709149 NL42947.041.12 TrialTroveID-166541 UKCRN ID: 13984,166541,Ii
Diagnostic; Prognostic,0,SRCIN1,CY 4025 NCT01486849 TrialTroveID-155650,155650,Ii
,0,,CY 4013 TrialTroveID-142278,142278,I
Diagnostic; Prognostic,0,RPS25; SRCIN1,CY 4024 NCT01378676 TrialTroveID-139315,139315,Ii
,0,,CTR20233326 DUXACT-2310019 TrialTroveID-496378,496378,I
Diagnostic; Prognostic,0,LIME1; WASPA,CTR20231984 DUXACT-2305053 TrialTroveID-442676,442676,I
Diagnostic; Predictive; Predisposing; Prognostic,0,ATP2C1; CRP; TSPO,2015TCZALS-001 NCT02469896 TCZALS-001 TrialTroveID-221108,221108,Ii
Diagnostic; Predictive; Predisposing; Prognostic,1,CHI3L1; SERPINA1; SPP1,TrialTroveID-501003,501003,Iv
Predictive; Predisposing; Prognostic,1,SOD1,233AS001 NCT04972487 TrialTroveID-409676,409676,Iii
Predictive; Predisposing; Prognostic,1,SOD1,233AS303 ATLAS EudraCT Number: 2020-004590-51 jRCT2071210032 NCT04856982 PMR 4436-1 TrialTroveID-339454,339454,Ii/Iii
,0,,233HV101 NCT03764488 TrialTroveID-338255,338255,I
Diagnostic; Predictive; Predisposing; Prognostic,1,ATP2C1; NEFL; PDSS1; SOD1,233AS102 EudraCT Number: 2016-003225-41 JapicCTI-205111 jRCT2080225019 NCT03070119 TrialTroveID-296928 VALOR OLE,296928,Iii
Diagnostic; Predictive; Predisposing; Prognostic,1,ATP2C1; CNTRL; GZMB; MSC; NEFL; PDSS1; POLR3K; SOD1,233AS101 EudraCT Number: 2015-004098-33 JapicCTI-194777 jRCT2080224702 NCT02623699 Pro00021877 TrialTroveID-269503 VALOR,269503,Iii
Diagnostic; Predictive; Predisposing; Prognostic,0,CNTRL; CSH1; ITPRID2; MYOZ2; RPS25; SLAMF7; SOD1,ISIS 333611 SOD1 ISIS 333611- CS1 NCT01041222 TrialTroveID-105508,105508,I
Predisposing; Prognostic,0,ADAMTS2,AAAF4151 NCT00604591 TrialTroveID-238799,238799,Ii
,0,,TrialTroveID-433813,433813,Ii
Diagnostic; Predisposing; Prognostic,0,PGC,TrialTroveID-411005,411005,I
,0,,CT1SNR1611ALS1 KCT0004911 NCT04326283 TrialTroveID-370642,370642,Iii
,0,,TrialTroveID-192426,192426,Iii
Diagnostic; Prognostic,0,ATP2C1; SRCIN1,ALTA-BOLT NCT02478450 QALS-101 TrialTroveID-197470,197470,Iii
Prognostic,1,ALDH3A2,NCT05597436 SLS-005-EAP TrialTroveID-446326,446326,Iv
Prognostic,0,ALDH3A2,TrialTroveID-444199,444199,I
Predisposing; Prognostic,0,ALDH3A2; ATXN3; PTGIS,ACTRN12621001755820 SLS-005-204 TrialTroveID-426932,426932,Ii
Prognostic,1,ALDH3A2; ATP2C1,2019P003518E HEALEY ALS - Regimen E NCT05136885 TrialTroveID-381547,381547,Ii/Iii
,0,ANKH,20071808 NCT00919555 PNA TrialTroveID-093634,93634,Iii
Diagnostic; Predictive; Predisposing; Prognostic,0,AGO2; DBH; SOD1,1307014081 NCT02716662 TrialTroveID-275427,275427,Ii
,0,,BHV4157-108 TrialTroveID-512076,512076,I
,0,,BHV4157- 103 TrialTroveID-512073,512073,I
,0,,BHV4157-101 TrialTroveID-512071,512071,I
,0,,BHV4157-104 TrialTroveID-512045,512045,I
Diagnostic,0,CTSC,NCT03506425 PALS Pro00092250 TrialTroveID-323085,323085,Iii
Diagnostic; Predictive; Prognostic,0,CST3,ACTRN12620000945921 EudraCT Number: 2020-005018-17 MetFlex MetFlex-003 NCT04788745 NL75615.041.20 TrialTroveID-386811,386811,Ii
,0,,TrialTroveID-490028,490028,I
Diagnostic; Predictive; Predisposing; Prognostic,1,ATP2C1; FUS; IGF2BP3; SOD1,BASEC2023-01222 EudraCT Number: 2020-005522-28 FUS-ALS ION363-CS1 NCT04768972 NL78827.000.22 SNCTP000005657 TrialTroveID-389024,389024,Iii
Prognostic,1,ATP2C1,CEF-ALS -2006 CEF-ALS-2006 NCT00349622 NINDS NINDS CRC TrialTroveID-079062,79062,Iii
Diagnostic; Predictive; Predisposing; Prognostic,1,ARHGEF7; CD40,TrialTroveID-121975,121975,Iv
Diagnostic; Predictive; Prognostic,0,CD200,TrialTroveID-080604,80604,Ii
Diagnostic; Predictive; Prognostic,0,CD200,TrialTroveID-087393,87393,Ii
,1,,22974 NCT02851914 TrialTroveID-283695,283695,Iv
Diagnostic; Predictive; Predisposing; Prognostic,1,CD4; CD8A; NELFCD,9632 NCT02756104 TrialTroveID-278122 VITALS,278122,Iv
,0,,TrialTroveID-119185,119185,Ii
,1,,TrialTroveID-121977,121977,Iii
Diagnostic; Predictive; Predisposing; Prognostic,0,CYP1A2; CYP2B6; NEFL,CTRI/2023/10/058660 NCT05981040 TrialTroveID-480510 ZYIL1.23.003,480510,Ii
Diagnostic; Predictive; Predisposing; Prognostic,0,CBS; TBX1,CardinALS EudraCT Number: 2021-006511-29 jRCT2011230040 jRCT2011230043 NCT05349721 NL81540.041.22 PTC857-CNS-001-ALS TrialTroveID-418007,418007,Ii
Diagnostic; Predictive; Prognostic,1,BOLL; CLIC1; CXCL10,TrialTroveID-252287,252287,Iv
Diagnostic; Predictive; Predisposing; Prognostic,1,SOD1; SYNE1,EPO200901 EPOS TRIAL EudraCT Number: 2009-016066-91 TrialTroveID-198292,198292,Iii
Diagnostic; Predictive; Prognostic,0,EPO,TrialTroveID-121485,121485,Ii
Diagnostic; Predictive; Prognostic,0,EPO,TrialTroveID-109807,109807,Ii
Diagnostic; Predictive; Prognostic,0,EPO,TrialTroveID-080342,80342,Ii
Diagnostic; Predictive; Predisposing; Prognostic,0,ANG; VEGFA,TrialTroveID-121506,121506,Ii
Diagnostic; Predictive; Predisposing; Prognostic,0,ADAMTS2; CBS; CDR1; insulin A1C; NEFL; PSPH; RUNX1T1,21-35516 NCT05184569 TrialTroveID-422602 Veri-T-001,422602,I
Diagnostic; Predictive; Predisposing; Prognostic,1,ATP2C1; CYP1A2; CYP3A4,2019P003518B HEALEY ALS Platform Trial - Regimen B NCT04436510 TrialTroveID-377434,377434,Ii/Iii
Diagnostic; Predictive; Predisposing; Prognostic,0,GRN,NCT06226064 Ph1/VES001 SORT-IN-1 TrialTroveID-501625,501625,I
,0,,TrialTroveID-080132,80132,Ii
Diagnostic; Prognostic,1,GUCY2C,ChiCTR2300075878 TrialTroveID-487477,487477,Iv
,1,,ALSClin-001 NCT00372879 R-06-451 TrialTroveID-079052,79052,Iii
,0,,19-094 MICABO-ALS NCT04244630 TrialTroveID-366405,366405,Ii
,0,,2018613-6392 42595 NCT04140136 NMRR-18-1592-42595 T3-ALS-01 TrialTroveID-332308,332308,Ii
Diagnostic; Predictive; Predisposing; Prognostic,0,CTSD; LGALS3; NPC1; NPC2; PICK1,14-CH-0102 140102 NCT02124083 TrialTroveID-232576,232576,Iii
,0,,TrialTroveID-048557,48557,Ii
,0,,TrialTroveID-023032,23032,I
Diagnostic; Prognostic,0,NEFL,EudraCT Number: 2023-506509-21 NCT06215755 TrialTroveID-501026 VGCS-50635-002,501026,I
Predictive; Predisposing; Prognostic,0,SOD1,CHDR2219 EudraCT Number: 2022-002747-22 ISRCTN14792372 TrialTroveID-408472,408472,I
,0,,TrialTroveID-350224,350224,I
Diagnostic; Predictive; Prognostic,0,CST3; NEFH,ALSTEM EudraCT Number: 2018-004171-12 NCT04651855 TrialTroveID-390891,390891,Iii
Predictive,0,KEL,TrialTroveID-216205 UMIN000015054,216205,I
Prognostic,0,ATP2C1; CDR1; RUNX1T1,EudraCT Number: 2022-002267-29 NCT05683860 NL81832.000.22 TrialTroveID-445376 WVE-004-002,445376,Iii
Diagnostic; Predictive; Prognostic,0,AKR1C1; ATP2C1; CDR1; DMD; NEFL; RUNX1T1,EudraCT Number: 2020-005193-94 FOCUS-C9 NCT04931862 NL76122.000.21 TrialTroveID-319020 WVE-004-001,319020,Iii
,1,,97.039P TrialTroveID-088863,88863,Iii
Diagnostic; Prognostic,0,LIMS1,JapicCTI-090746 jRCT2080220719 NCT00886977 TrialTroveID-107667 YAM80-01,107667,Ii
Prognostic,1,ATP2C1,2019P003518A HEALEY ALS Platform Trial - Regimen A NCT04436497 TrialTroveID-377436,377436,Ii/Iii
,0,,TrialTroveID-157730,157730,I
,1,,TrialTroveID-148595,148595,Ii/Iii
